82,85,,84,,85,,81,,86,,80,,77,,76,,80,,80,,79,,81,,84,,88,,87,,80,,77,,80,,76,,82,,81,,80,,78,,76,,77,,85,,84,,79,,78,,78,,80,,81,,81,,81,,82,,79,,81,,80,,84,,85,,82,,83,,78,,78,,86,,85,,81,,79,,86,,87,,80,,80,,83,,85,,92,,90,,82,,80,,85,,87,,82,,85,,79,,81,,86,,82,,79,,77,,82,,83,,77,,83,,77,,75,,77,,76,,75,,76,,78,,82,,81,,77,,76,,81,,76,,75,,76,,82,,80,,76,,76,,78,,79,,77,,75,,80,,81,,76,,79,,84,,84,,80,,76,,78,,82,,78,,75,,81,,80,,76,,77,,79,,73,,73,,78,,79,,75,,75,,81,,78,,71,,73,,78,,78,,75,,71,,73,,76,,74,,73,,74,,79,,72,,73,,78,,80,,74,,68,,78,,79,,76,,79,,76,,78,,79,,74,,70,,73,,71,,73,,71,,75,,70,,71,,72,,71,,75,,74,,70,,82,,81,,76,,75,,70,,70,,75,,80,,82,,76,,74,,74,,80,,72,,72,,74,,80,,87,,82,,84,,84,,84,,90,,85,,83,,83,,85,,85,,87,,86,,79,,82,,79,,83,,78,,79,,75,,67,,68,,73,,71,,70,,78,,72,,73,,76,,75,,74,,74,,74,,75,,77,,76,,76,,77,,77,,78,,75,,72,,77,,76,,76,,66,,71,,76,,74,,73,,78,,75,,80,,81,,77,,70,,73,,71,,75,,73,,64,,74,,77,,72,,79,,80,,74,,72,,73,,73,,73,,75,,79,,78,,76,,81,,75,,72,,69,,62,,71,,74,,70,,64,,63,,59,,62,,70,,72,,76,,72,,73,,74,,75,,78,,70,,74,,76,,67,,71,,71,,74,,76,,73,,67,,65,,64,,63,,65,,68,,69,,73,,68,,67,,80,,78,,79,,79,,66,,69,,68,,71,,67,,60,,61,,76,,72,,75,,73,,57,,61,,64,,70,,72,,80,,84,,77,,82,,81,,73,,76,,78,,80,,80,,75,,80,,80,,79,,81,,79,,75,,77,,76,,87,,81,,74,,78,,68,,76,,79,,77,,73,,70,,70,,76,,77,,76,,83,,80,,73,,80,,75,,73,,78,,67,,70,,65,,61,,61,,72,,79,,77,,71,,64,,64,,61,,61,,66,,63,,61,,67,,66,,65,,67,,69,,67,,75,,76,,73,,71,,71,,71,,72,,65,,63,,64,,66,,74,,64,,64,,66,,74,,64,,64,,66,,74,,78,,86,,78,,70,,68,,69,,78,,70,,72,,75,,74,,71,,67,,69,,77,,71,,67,,66,,64,,65,,63,,67,,64,,65,,63,,67,,64,,65,,63,,67,,64,,65,,63,,67,,64,,65,,63,,67,,64,,65,,63,,59,,55,,55,,59,,59,,57,,55,,61,,58,,52,,53,,58,,58,,51,,53,,53,,50,,50,,48,,44,,40,,42,,52,,49,,40,,44,,52,,46,,31,,38,,36,,34,,31,,38,,44,,42,,34,,35,,46,,47,,35,,29,,34,,35,,39,,41,,36,,35,,50,,48,,31,,27,,28,,31,,31,,27,,28,,31,,42,,38,,31,,33,,51,,48,,31,,30,,28,,32,,31,,30,,28,,32,,31,,30,,32,,40,,39,,32,,37,,43,,37,,20,,24,,23,,19,,20,,24,,23,,19,,20,,24,,23,,19,,20,,24,,23,,19,,20,,24,,23,,19,,23,,24,,20,,35,,36,,28,,37,,44,,37,,19,,13,,19,,37,,35,,51,,53,,39,,29,,14,,30,,37,,29,,53,,50,,42,,18,,21,,22,,21,,38,,44,,34,,38,,44,,33,,14,,22,,14,,36,,41,,30,,31,,43,,42,,25,,14,,21,,32,,30,,42,,47,,33,,23,,10,,23,,40,,52,,39,,34,,43,,45,,40,,38,,47,,51,,41,,35,,46,,54,,44,,38,,44,,48,,51,,45,,39,,49,,59,,40,,24,,45,,58,,44,,38,,48,,53,,45,,43,,36,,43,,48,,38,,31,,43,,51,,42,,36,,41,,47,,42,,33,,40,,48,,32,,16,,0,
85,85,,89,,91,,91,,82,,82,,87,,84,,79,,83,,79,,82,,76,,78,,86,,84,,83,,86,,89,,91,,81,,80,,86,,88,,79,,81,,84,,83,,82,,78,,86,,78,,78,,80,,79,,76,,88,,84,,81,,82,,78,,80,,77,,74,,72,,78,,75,,82,,80,,72,,79,,72,,80,,76,,72,,76,,72,,71,,68,,69,,68,,75,,80,,76,,86,,84,,85,,84,,72,,73,,74,,68,,72,,78,,79,,76,,71,,74,,74,,75,,76,,73,,71,,73,,74,,74,,74,,74,,72,,71,,77,,75,,72,,74,,71,,74,,81,,83,,70,,72,,77,,76,,71,,71,,71,,70,,72,,69,,70,,73,,73,,72,,69,,68,,71,,73,,70,,76,,77,,74,,69,,71,,73,,71,,69,,72,,74,,73,,67,,67,,82,,76,,68,,72,,76,,74,,67,,67,,67,,69,,71,,68,,65,,66,,68,,69,,65,,67,,69,,67,,68,,74,,68,,70,,77,,73,,75,,71,,69,,75,,75,,71,,79,,76,,81,,77,,79,,79,,81,,79,,74,,73,,73,,78,,78,,81,,76,,75,,72,,68,,60,,62,,65,,62,,59,,59,,71,,67,,76,,77,,82,,84,,77,,64,,59,,66,,61,,62,,61,,66,,74,,67,,72,,70,,75,,78,,64,,72,,72,,72,,76,,69,,65,,65,,70,,76,,77,,79,,78,,76,,77,,72,,77,,72,,70,,74,,79,,75,,73,,75,,76,,74,,78,,78,,80,,85,,81,,80,,81,,76,,80,,75,,76,,76,,74,,67,,72,,79,,82,,81,,77,,72,,69,,67,,66,,66,,67,,72,,79,,75,,75,,77,,70,,76,,74,,80,,74,,70,,73,,75,,77,,75,,75,,72,,72,,67,,67,,77,,72,,76,,78,,65,,69,,70,,66,,66,,67,,67,,78,,67,,71,,71,,76,,65,,66,,76,,81,,81,,82,,90,,85,,83,,72,,79,,84,,78,,82,,78,,87,,87,,79,,77,,75,,78,,85,,80,,75,,83,,70,,68,,78,,68,,70,,69,,74,,70,,67,,68,,70,,69,,74,,71,,75,,77,,82,,80,,73,,80,,73,,76,,76,,71,,71,,65,,66,,72,,70,,68,,82,,78,,75,,76,,59,,68,,68,,68,,80,,79,,76,,73,,70,,70,,73,,65,,64,,59,,59,,68,,67,,58,,57,,67,,65,,60,,58,,54,,53,,53,,59,,54,,53,,53,,59,,54,,53,,53,,59,,54,,53,,53,,59,,54,,53,,53,,59,,54,,53,,53,,59,,54,,53,,53,,59,,54,,53,,53,,59,,54,,53,,53,,59,,54,,53,,53,,59,,62,,55,,50,,55,,61,,61,,51,,48,,53,,53,,44,,45,,54,,47,,41,,48,,49,,40,,41,,48,,49,,59,,56,,49,,49,,56,,51,,38,,41,,38,,45,,47,,40,,45,,55,,45,,29,,34,,32,,31,,29,,34,,31,,42,,43,,38,,37,,49,,54,,38,,30,,30,,32,,38,,30,,30,,38,,50,,46,,32,,36,,44,,41,,30,,26,,21,,24,,30,,26,,21,,24,,30,,26,,24,,39,,43,,36,,36,,47,,45,,33,,27,,31,,33,,33,,27,,31,,33,,33,,27,,31,,33,,33,,27,,31,,33,,46,,39,,53,,72,,53,,39,,42,,49,,48,,41,,33,,39,,53,,46,,29,,31,,38,,36,,45,,40,,29,,19,,23,,24,,20,,37,,36,,26,,39,,42,,35,,19,,8,,19,,33,,29,,37,,46,,34,,22,,12,,20,,29,,24,,38,,45,,33,,23,,7,,27,,39,,25,,20,,29,,31,,28,,26,,33,,39,,28,,20,,33,,40,,28,,22,,36,,43,,48,,53,,47,,39,,50,,62,,40,,24,,16,,0,
78,78,,80,,78,,77,,80,,78,,78,,76,,77,,77,,76,,83,,83,,80,,81,,75,,78,,81,,84,,83,,81,,81,,81,,76,,77,,76,,77,,79,,83,,83,,81,,80,,79,,76,,78,,80,,85,,85,,82,,84,,77,,75,,82,,84,,80,,87,,84,,83,,81,,77,,81,,78,,79,,80,,78,,78,,77,,81,,82,,77,,78,,75,,79,,77,,84,,84,,88,,85,,84,,86,,77,,76,,78,,81,,79,,80,,79,,78,,79,,74,,72,,73,,73,,76,,77,,81,,74,,70,,71,,74,,77,,76,,77,,75,,74,,72,,77,,77,,84,,82,,82,,86,,84,,83,,75,,75,,80,,82,,75,,74,,81,,80,,76,,76,,76,,78,,74,,72,,79,,79,,77,,77,,78,,79,,73,,70,,76,,79,,79,,74,,75,,75,,74,,73,,81,,84,,78,,74,,80,,82,,79,,75,,78,,82,,77,,75,,80,,83,,79,,76,,83,,86,,77,,75,,81,,76,,72,,77,,79,,75,,70,,73,,70,,73,,72,,72,,79,,72,,67,,72,,76,,71,,71,,77,,75,,76,,78,,76,,73,,74,,81,,77,,76,,76,,73,,69,,68,,64,,67,,75,,70,,64,,74,,77,,76,,72,,70,,63,,69,,71,,73,,79,,76,,76,,81,,69,,65,,65,,65,,66,,66,,65,,64,,66,,70,,77,,81,,76,,80,,78,,78,,76,,76,,81,,77,,75,,79,,80,,78,,80,,86,,84,,82,,84,,87,,82,,77,,76,,77,,75,,75,,73,,65,,61,,65,,66,,74,,83,,86,,83,,89,,78,,86,,81,,75,,76,,85,,82,,77,,81,,80,,78,,83,,80,,75,,79,,76,,77,,77,,76,,71,,74,,77,,77,,80,,79,,83,,80,,77,,78,,73,,70,,69,,70,,70,,68,,66,,72,,73,,80,,77,,68,,76,,74,,78,,81,,74,,71,,66,,74,,74,,72,,74,,70,,74,,75,,80,,77,,74,,74,,73,,76,,74,,71,,72,,73,,69,,70,,65,,70,,75,,74,,79,,81,,79,,79,,80,,67,,75,,66,,71,,69,,72,,74,,71,,73,,73,,71,,69,,73,,71,,69,,68,,70,,70,,74,,75,,74,,77,,68,,64,,65,,70,,74,,68,,62,,63,,66,,66,,71,,65,,60,,65,,66,,65,,70,,65,,78,,75,,80,,74,,64,,66,,63,,68,,70,,72,,70,,76,,74,,69,,70,,69,,74,,73,,73,,67,,68,,70,,75,,71,,70,,72,,76,,76,,81,,84,,82,,84,,85,,83,,84,,85,,80,,77,,75,,74,,70,,73,,76,,75,,76,,73,,74,,79,,80,,81,,83,,82,,79,,81,,74,,80,,73,,79,,74,,71,,71,,73,,69,,69,,72,,73,,76,,75,,71,,66,,70,,71,,61,,54,,53,,60,,61,,54,,53,,60,,61,,54,,53,,60,,61,,54,,53,,60,,61,,54,,53,,60,,61,,54,,53,,60,,61,,54,,53,,60,,61,,54,,53,,60,,61,,63,,59,,50,,47,,52,,50,,43,,48,,52,,50,,51,,53,,45,,41,,45,,45,,38,,42,,51,,46,,35,,37,,52,,50,,42,,44,,45,,46,,46,,37,,46,,50,,48,,46,,49,,53,,51,,41,,29,,33,,41,,47,,41,,38,,37,,45,,50,,35,,28,,32,,31,,35,,28,,32,,31,,35,,28,,44,,45,,34,,38,,47,,41,,29,,29,,34,,45,,42,,34,,41,,42,,35,,26,,29,,30,,23,,26,,40,,31,,15,,28,,34,,29,,14,,16,,18,,18,,14,,16,,18,,18,,14,,16,,18,,18,,14,,16,,18,,18,,14,,16,,18,,18,,14,,16,,18,,18,,14,,16,,18,,18,,18,,16,,14,,18,,16,,32,,37,,35,,36,,41,,40,,22,,10,,26,,34,,26,,50,,46,,38,,14,,18,,18,,18,,36,,45,,38,,35,,43,,33,,17,,23,,18,,37,,42,,33,,35,,44,,42,,23,,12,,22,,41,,37,,51,,54,,40,,27,,11,,24,,40,,33,,54,,59,,41,,29,,11,,24,,48,,39,,53,,58,,37,,25,,10,,25,,39,,29,,22,,28,,31,,27,,25,,36,,44,,53,,58,,47,,40,,53,,62,,50,,44,,36,,41,,47,,42,,33,,40,,48,,32,,16,,0,
78,78,,75,,78,,79,,79,,78,,74,,78,,76,,80,,84,,81,,81,,77,,73,,77,,74,,77,,81,,85,,82,,78,,80,,77,,74,,81,,83,,73,,70,,77,,77,,70,,74,,71,,75,,77,,72,,73,,78,,80,,73,,69,,75,,71,,72,,70,,71,,73,,67,,70,,65,,68,,76,,71,,68,,68,,71,,70,,65,,71,,79,,75,,69,,66,,68,,69,,67,,78,,73,,67,,66,,72,,72,,67,,67,,74,,75,,76,,82,,85,,84,,79,,70,,73,,80,,83,,80,,81,,81,,87,,82,,73,,70,,80,,84,,79,,78,,81,,82,,76,,70,,69,,72,,74,,62,,66,,72,,67,,69,,68,,64,,67,,60,,70,,69,,64,,76,,73,,67,,74,,76,,63,,68,,67,,74,,74,,71,,70,,71,,74,,74,,68,,74,,74,,70,,74,,59,,59,,58,,63,,61,,74,,69,,68,,68,,74,,67,,74,,74,,83,,84,,75,,79,,81,,77,,83,,76,,71,,71,,76,,76,,66,,69,,70,,69,,78,,74,,71,,76,,79,,78,,79,,74,,70,,69,,67,,70,,70,,68,,63,,62,,65,,71,,67,,72,,72,,69,,75,,81,,78,,80,,78,,77,,85,,83,,75,,79,,74,,74,,74,,71,,68,,85,,84,,81,,82,,85,,84,,81,,84,,82,,78,,76,,72,,75,,74,,69,,78,,78,,84,,81,,76,,76,,77,,79,,76,,71,,66,,76,,76,,71,,69,,75,,85,,82,,73,,74,,66,,74,,73,,71,,68,,65,,61,,61,,63,,64,,76,,73,,72,,74,,66,,64,,72,,76,,73,,75,,80,,83,,84,,81,,77,,82,,78,,82,,82,,75,,79,,81,,83,,80,,81,,84,,79,,84,,80,,76,,72,,76,,78,,77,,78,,75,,76,,74,,67,,70,,69,,74,,79,,81,,72,,72,,69,,69,,76,,74,,82,,87,,84,,77,,72,,76,,75,,75,,78,,65,,64,,69,,66,,75,,75,,79,,74,,60,,65,,66,,65,,60,,61,,62,,53,,52,,63,,69,,77,,71,,64,,63,,61,,63,,69,,71,,72,,68,,73,,79,,76,,76,,74,,75,,68,,71,,72,,72,,68,,71,,72,,72,,68,,71,,72,,72,,70,,65,,68,,65,,71,,75,,64,,64,,66,,64,,64,,64,,66,,64,,64,,64,,66,,64,,64,,64,,66,,64,,64,,64,,66,,64,,64,,64,,66,,64,,64,,64,,66,,64,,64,,64,,68,,68,,52,,52,,52,,46,,53,,57,,48,,42,,49,,52,,44,,49,,45,,41,,37,,36,,43,,38,,34,,46,,45,,39,,45,,48,,44,,37,,37,,37,,46,,48,,43,,42,,47,,47,,31,,29,,29,,33,,31,,29,,29,,33,,37,,27,,26,,41,,47,,36,,26,,29,,36,,45,,42,,35,,37,,47,,47,,30,,27,,26,,29,,30,,27,,26,,29,,43,,42,,32,,37,,38,,36,,26,,26,,30,,26,,26,,26,,30,,26,,26,,26,,30,,26,,26,,26,,30,,26,,26,,26,,30,,26,,26,,26,,30,,26,,26,,26,,30,,26,,26,,43,,46,,56,,72,,52,,40,,45,,42,,46,,48,,42,,40,,54,,48,,30,,26,,32,,30,,30,,44,,49,,52,,39,,37,,26,,21,,31,,39,,49,,41,,28,,14,,24,,23,,16,,14,,24,,39,,43,,40,,44,,46,,32,,12,,7,,18,,42,,35,,54,,56,,36,,26,,11,,26,,40,,30,,23,,29,,32,,28,,26,,35,,44,,48,,38,,32,,43,,51,,41,,35,,44,,36,,41,,47,,42,,33,,40,,48,,32,,16,,0,
77,73,,79,,83,,75,,81,,86,,82,,76,,82,,87,,78,,68,,74,,78,,77,,74,,77,,74,,75,,75,,78,,85,,81,,83,,81,,72,,73,,75,,74,,77,,80,,77,,79,,72,,73,,72,,71,,70,,71,,75,,81,,80,,72,,71,,71,,78,,75,,73,,77,,82,,76,,72,,69,,74,,75,,69,,72,,80,,76,,78,,71,,72,,79,,71,,70,,77,,77,,72,,68,,71,,78,,83,,81,,73,,73,,78,,78,,73,,76,,80,,81,,75,,79,,79,,73,,73,,72,,70,,74,,69,,69,,75,,70,,69,,73,,72,,75,,72,,68,,77,,71,,68,,73,,73,,75,,81,,72,,69,,73,,80,,77,,71,,77,,78,,73,,71,,75,,80,,74,,69,,70,,75,,74,,71,,70,,71,,80,,81,,78,,77,,68,,66,,68,,64,,59,,69,,75,,70,,68,,81,,76,,80,,82,,74,,70,,75,,73,,76,,72,,68,,72,,71,,77,,77,,82,,84,,85,,78,,74,,79,,75,,73,,73,,73,,70,,74,,72,,74,,71,,79,,79,,77,,74,,79,,78,,73,,74,,72,,74,,70,,77,,75,,75,,76,,75,,77,,69,,77,,84,,78,,76,,80,,75,,77,,78,,77,,78,,72,,74,,73,,75,,70,,71,,69,,66,,72,,75,,74,,80,,77,,71,,72,,70,,72,,70,,70,,63,,64,,64,,70,,74,,73,,73,,67,,65,,63,,62,,66,,70,,74,,78,,77,,78,,76,,73,,72,,74,,72,,71,,71,,73,,72,,69,,68,,71,,74,,85,,85,,83,,79,,70,,73,,76,,79,,79,,75,,77,,72,,68,,67,,73,,73,,80,,76,,71,,77,,72,,74,,73,,72,,69,,70,,69,,71,,66,,66,,69,,69,,64,,76,,78,,80,,80,,74,,61,,67,,63,,67,,71,,67,,70,,67,,70,,69,,67,,70,,67,,72,,79,,78,,83,,72,,71,,73,,69,,87,,82,,71,,69,,73,,72,,77,,71,,68,,65,,67,,70,,70,,66,,70,,69,,70,,68,,68,,70,,75,,73,,62,,64,,65,,61,,62,,64,,60,,51,,48,,53,,46,,45,,48,,53,,46,,45,,48,,53,,46,,45,,48,,53,,46,,45,,48,,53,,46,,45,,48,,53,,46,,45,,48,,53,,46,,45,,48,,53,,46,,53,,59,,56,,54,,48,,48,,50,,52,,50,,44,,51,,51,,55,,55,,53,,52,,44,,39,,44,,54,,52,,42,,52,,51,,47,,38,,42,,34,,38,,38,,42,,44,,45,,43,,41,,51,,55,,43,,37,,40,,47,,44,,42,,45,,57,,50,,34,,32,,39,,42,,34,,32,,39,,34,,44,,45,,32,,34,,40,,36,,25,,26,,28,,32,,25,,26,,28,,32,,25,,26,,28,,38,,36,,32,,33,,40,,35,,22,,29,,28,,24,,22,,29,,28,,24,,22,,29,,28,,24,,22,,29,,28,,24,,22,,29,,28,,24,,22,,42,,44,,59,,74,,52,,40,,42,,40,,44,,44,,42,,40,,53,,45,,30,,28,,32,,33,,30,,40,,44,,47,,42,,38,,26,,20,,29,,39,,49,,41,,32,,20,,8,,24,,37,,29,,53,,44,,36,,12,,21,,18,,21,,39,,43,,35,,32,,44,,36,,14,,20,,14,,35,,39,,31,,34,,45,,42,,24,,14,,23,,38,,33,,51,,54,,41,,30,,8,,20,,39,,31,,51,,57,,39,,26,,9,,23,,43,,33,,47,,53,,36,,23,,7,,23,,37,,26,,19,,26,,29,,24,,22,,37,,43,,36,,43,,48,,38,,31,,43,,51,,42,,36,,41,,47,,42,,33,,40,,48,,32,,16,,0,
90,82,,78,,74,,80,,83,,77,,85,,89,,85,,85,,84,,82,,83,,83,,84,,88,,86,,85,,88,,89,,82,,84,,81,,81,,86,,86,,90,,88,,86,,85,,85,,84,,92,,91,,88,,86,,85,,85,,88,,91,,85,,79,,87,,84,,82,,83,,86,,82,,80,,80,,83,,83,,82,,83,,84,,86,,84,,82,,82,,82,,82,,82,,81,,83,,84,,83,,82,,84,,85,,78,,79,,85,,84,,83,,83,,83,,83,,81,,83,,86,,80,,78,,82,,83,,82,,82,,83,,82,,86,,87,,84,,82,,86,,79,,74,,76,,77,,72,,75,,84,,81,,78,,75,,76,,84,,80,,73,,82,,84,,83,,75,,73,,77,,79,,84,,82,,84,,83,,82,,77,,77,,77,,79,,84,,82,,82,,81,,83,,76,,75,,77,,80,,79,,75,,79,,72,,73,,78,,73,,73,,74,,72,,72,,71,,77,,81,,83,,81,,78,,75,,74,,72,,76,,69,,74,,68,,72,,70,,75,,76,,79,,80,,78,,77,,75,,73,,74,,74,,73,,69,,68,,67,,66,,68,,70,,66,,67,,77,,71,,76,,74,,71,,68,,68,,72,,71,,64,,63,,68,,76,,77,,78,,73,,78,,84,,81,,79,,78,,80,,74,,67,,70,,73,,71,,72,,70,,69,,65,,61,,59,,56,,62,,70,,66,,76,,74,,71,,72,,72,,65,,65,,62,,70,,68,,65,,72,,68,,74,,75,,67,,74,,71,,77,,78,,70,,67,,64,,65,,69,,74,,70,,76,,66,,72,,67,,67,,72,,73,,70,,65,,68,,78,,75,,67,,72,,74,,73,,71,,67,,65,,57,,56,,57,,66,,66,,67,,66,,58,,58,,64,,67,,71,,68,,73,,79,,75,,78,,83,,88,,86,,80,,77,,73,,82,,83,,74,,74,,74,,76,,77,,78,,76,,70,,67,,67,,69,,71,,64,,72,,54,,64,,68,,72,,69,,73,,73,,71,,68,,62,,73,,81,,78,,79,,74,,72,,81,,82,,82,,81,,67,,73,,74,,70,,66,,63,,80,,80,,78,,79,,70,,69,,68,,69,,77,,80,,76,,78,,82,,74,,78,,83,,71,,69,,77,,68,,71,,69,,77,,68,,71,,69,,77,,74,,66,,63,,57,,59,,58,,63,,57,,65,,71,,60,,55,,52,,56,,62,,55,,52,,56,,62,,55,,52,,56,,65,,58,,52,,53,,51,,48,,52,,53,,51,,48,,52,,53,,51,,48,,52,,53,,51,,48,,54,,56,,46,,55,,58,,50,,57,,55,,56,,60,,56,,52,,60,,61,,51,,50,,56,,53,,45,,50,,47,,42,,36,,42,,36,,33,,36,,42,,40,,35,,44,,57,,55,,39,,37,,35,,37,,39,,36,,35,,35,,44,,46,,30,,32,,37,,27,,30,,32,,37,,27,,30,,45,,45,,32,,32,,35,,33,,24,,22,,28,,24,,24,,22,,28,,24,,24,,22,,28,,24,,24,,22,,28,,24,,24,,22,,28,,24,,24,,22,,28,,24,,24,,22,,28,,24,,24,,24,,28,,37,,46,,49,,39,,32,,21,,13,,21,,32,,31,,41,,42,,33,,25,,14,,31,,43,,32,,27,,33,,35,,35,,33,,37,,43,,35,,27,,37,,44,,35,,29,,38,,44,,47,,42,,35,,44,,55,,35,,19,,24,,45,,58,,44,,38,,48,,53,,45,,43,,36,,43,,48,,38,,31,,43,,51,,42,,36,,41,,47,,42,,33,,40,,48,,32,,16,,0,
86,85,,86,,88,,80,,85,,89,,83,,85,,83,,81,,79,,86,,86,,87,,86,,82,,84,,79,,84,,82,,77,,75,,82,,82,,76,,77,,82,,81,,84,,86,,80,,80,,80,,82,,82,,81,,79,,86,,88,,84,,81,,81,,83,,81,,77,,81,,89,,85,,72,,75,,87,,80,,76,,80,,80,,78,,83,,75,,71,,72,,79,,80,,78,,74,,77,,76,,71,,74,,75,,78,,76,,77,,75,,74,,73,,76,,77,,76,,76,,76,,77,,80,,72,,72,,76,,74,,75,,73,,74,,68,,68,,74,,74,,69,,72,,78,,72,,74,,75,,72,,71,,75,,75,,71,,67,,68,,73,,76,,73,,74,,76,,66,,67,,66,,70,,65,,69,,74,,74,,69,,62,,64,,77,,81,,74,,73,,79,,81,,68,,67,,67,,72,,69,,67,,66,,66,,79,,79,,77,,82,,70,,71,,72,,73,,69,,67,,67,,66,,70,,68,,61,,63,,73,,68,,74,,76,,66,,63,,64,,64,,67,,62,,60,,63,,60,,63,,64,,72,,74,,83,,80,,84,,84,,74,,70,,71,,66,,68,,71,,68,,74,,74,,75,,77,,76,,73,,78,,76,,80,,78,,78,,76,,69,,67,,68,,56,,61,,62,,70,,68,,73,,75,,72,,76,,76,,81,,79,,78,,80,,74,,74,,71,,69,,68,,74,,76,,75,,75,,74,,75,,76,,83,,78,,79,,84,,78,,82,,79,,71,,68,,69,,69,,68,,68,,72,,75,,78,,78,,82,,71,,72,,68,,69,,65,,71,,74,,80,,79,,77,,78,,75,,69,,68,,67,,71,,71,,67,,71,,64,,74,,75,,73,,71,,75,,69,,65,,73,,69,,73,,73,,60,,58,,64,,64,,63,,78,,75,,69,,70,,75,,75,,64,,59,,72,,72,,71,,72,,61,,60,,54,,57,,61,,65,,60,,68,,70,,72,,72,,73,,75,,77,,77,,81,,76,,72,,70,,70,,69,,69,,78,,73,,72,,77,,74,,80,,79,,79,,79,,69,,74,,73,,68,,67,,75,,75,,68,,68,,77,,81,,81,,75,,74,,67,,65,,63,,64,,69,,75,,79,,74,,74,,61,,64,,77,,76,,74,,74,,76,,71,,66,,70,,71,,80,,81,,76,,72,,62,,67,,77,,80,,76,,73,,61,,60,,61,,63,,64,,74,,71,,66,,71,,71,,71,,70,,68,,75,,80,,81,,82,,76,,77,,74,,68,,68,,67,,62,,61,,55,,58,,60,,60,,58,,68,,69,,66,,61,,65,,70,,68,,65,,57,,53,,57,,62,,57,,62,,63,,64,,64,,63,,63,,64,,64,,63,,63,,64,,64,,63,,63,,53,,54,,51,,52,,53,,54,,51,,52,,53,,54,,51,,52,,53,,54,,51,,52,,53,,54,,51,,52,,53,,54,,51,,52,,53,,54,,56,,58,,55,,50,,53,,51,,46,,54,,55,,38,,39,,48,,47,,36,,44,,40,,36,,35,,39,,43,,38,,37,,45,,49,,42,,42,,51,,51,,39,,27,,39,,45,,37,,30,,35,,46,,44,,31,,26,,26,,32,,31,,26,,26,,32,,37,,27,,27,,39,,39,,33,,32,,28,,33,,44,,39,,34,,36,,47,,42,,26,,28,,30,,30,,26,,28,,30,,26,,33,,36,,23,,33,,47,,38,,16,,21,,14,,15,,16,,21,,14,,15,,16,,21,,14,,15,,16,,21,,14,,15,,16,,21,,14,,15,,16,,21,,14,,15,,16,,21,,14,,15,,16,,15,,31,,31,,30,,38,,43,,39,,18,,13,,18,,36,,37,,56,,57,,38,,30,,14,,30,,42,,32,,27,,32,,34,,35,,33,,36,,42,,35,,27,,36,,43,,35,,29,,36,,41,,45,,40,,33,,42,,53,,33,,17,,26,,46,,57,,43,,39,,48,,51,,46,,44,,53,,58,,47,,40,,53,,62,,50,,44,,36,,41,,47,,42,,33,,40,,48,,32,,16,,0,
84,91,,91,,86,,82,,86,,87,,82,,87,,88,,85,,81,,80,,82,,80,,80,,85,,79,,76,,81,,78,,81,,86,,83,,85,,77,,75,,74,,72,,72,,74,,78,,77,,75,,73,,78,,80,,80,,74,,76,,81,,79,,73,,78,,77,,77,,81,,89,,86,,77,,72,,77,,79,,77,,68,,71,,78,,79,,75,,72,,77,,73,,77,,75,,76,,75,,75,,77,,77,,75,,77,,75,,77,,72,,73,,78,,77,,75,,73,,79,,79,,80,,80,,74,,75,,78,,77,,81,,74,,69,,75,,79,,77,,76,,77,,74,,75,,76,,77,,78,,76,,75,,75,,75,,71,,66,,73,,74,,72,,76,,72,,73,,74,,72,,77,,78,,77,,78,,76,,82,,78,,75,,83,,83,,78,,75,,75,,74,,72,,72,,69,,70,,72,,71,,79,,74,,73,,74,,69,,70,,74,,76,,74,,74,,76,,74,,74,,73,,78,,76,,73,,72,,73,,71,,73,,78,,75,,72,,75,,80,,75,,70,,71,,69,,75,,82,,80,,81,,84,,76,,67,,68,,72,,68,,72,,74,,79,,72,,80,,84,,84,,81,,75,,67,,69,,68,,71,,71,,68,,69,,79,,74,,69,,72,,70,,73,,77,,78,,81,,81,,80,,80,,79,,78,,82,,84,,73,,72,,69,,80,,79,,79,,79,,70,,64,,63,,68,,74,,64,,65,,72,,69,,72,,77,,77,,74,,78,,79,,75,,80,,82,,81,,79,,71,,69,,70,,66,,70,,73,,78,,72,,73,,63,,69,,75,,72,,78,,81,,81,,84,,74,,74,,67,,64,,63,,65,,79,,80,,82,,77,,70,,64,,68,,72,,71,,70,,67,,68,,71,,73,,79,,73,,67,,61,,66,,69,,65,,66,,66,,73,,70,,66,,58,,68,,75,,84,,80,,82,,73,,77,,84,,77,,81,,81,,80,,79,,80,,78,,73,,74,,84,,83,,82,,79,,72,,72,,68,,71,,70,,66,,67,,65,,66,,60,,64,,66,,68,,69,,66,,70,,83,,84,,83,,77,,72,,71,,73,,68,,67,,60,,63,,69,,68,,77,,78,,79,,72,,76,,69,,80,,76,,74,,81,,81,,69,,66,,71,,73,,72,,72,,67,,64,,73,,74,,77,,76,,64,,68,,71,,75,,77,,73,,70,,75,,76,,75,,77,,82,,76,,82,,76,,72,,76,,72,,71,,71,,68,,70,,70,,72,,63,,68,,81,,79,,83,,81,,67,,70,,74,,73,,74,,73,,77,,80,,76,,82,,75,,68,,73,,82,,74,,73,,73,,78,,77,,77,,73,,69,,72,,77,,76,,71,,81,,87,,84,,75,,76,,71,,66,,75,,76,,71,,66,,69,,61,,57,,63,,60,,60,,57,,63,,60,,60,,57,,63,,60,,47,,49,,51,,54,,47,,49,,51,,54,,47,,49,,51,,54,,47,,49,,51,,54,,47,,49,,51,,54,,47,,50,,57,,55,,62,,62,,54,,59,,56,,50,,51,,60,,58,,62,,56,,51,,46,,49,,56,,50,,46,,53,,61,,62,,60,,56,,58,,56,,46,,42,,39,,46,,46,,42,,43,,51,,48,,42,,47,,54,,48,,41,,45,,49,,52,,44,,41,,48,,49,,37,,41,,41,,35,,37,,41,,41,,55,,51,,42,,48,,51,,42,,33,,42,,37,,38,,33,,42,,37,,38,,33,,42,,37,,38,,33,,42,,47,,39,,28,,34,,35,,34,,26,,31,,26,,24,,26,,31,,26,,24,,26,,31,,26,,24,,26,,31,,26,,24,,26,,31,,26,,26,,39,,48,,55,,47,,35,,20,,13,,29,,35,,30,,37,,43,,39,,21,,12,,21,,40,,37,,55,,56,,40,,31,,15,,24,,39,,32,,49,,54,,41,,33,,10,,20,,40,,34,,56,,59,,39,,30,,10,,17,,38,,50,,37,,32,,40,,44,,38,,36,,44,,53,,58,,47,,40,,53,,62,,50,,44,,36,,41,,47,,42,,33,,40,,48,,32,,16,,0,
88,87,,87,,86,,86,,85,,82,,85,,84,,84,,81,,84,,82,,82,,86,,86,,85,,82,,86,,83,,83,,86,,85,,85,,86,,84,,85,,86,,84,,87,,82,,85,,82,,83,,80,,77,,79,,79,,81,,81,,82,,83,,82,,85,,82,,88,,86,,86,,85,,83,,84,,85,,82,,85,,85,,82,,84,,87,,87,,85,,84,,85,,83,,82,,85,,82,,78,,82,,83,,82,,81,,80,,84,,87,,79,,83,,87,,82,,79,,82,,78,,78,,84,,86,,81,,77,,81,,77,,79,,82,,86,,83,,81,,83,,83,,77,,79,,77,,80,,83,,78,,78,,80,,79,,81,,77,,86,,82,,75,,82,,79,,76,,79,,78,,78,,75,,81,,86,,84,,79,,74,,78,,81,,81,,84,,82,,80,,79,,78,,78,,80,,77,,84,,92,,84,,78,,77,,76,,85,,83,,74,,72,,82,,83,,77,,77,,72,,72,,76,,76,,73,,71,,76,,75,,74,,74,,76,,82,,72,,69,,73,,72,,74,,76,,81,,81,,76,,75,,80,,74,,74,,82,,87,,80,,75,,76,,80,,86,,79,,73,,75,,76,,78,,77,,81,,81,,77,,83,,79,,70,,72,,77,,77,,77,,78,,76,,78,,79,,76,,76,,76,,73,,77,,76,,73,,73,,73,,71,,67,,70,,79,,76,,73,,75,,64,,69,,70,,69,,68,,72,,70,,61,,65,,64,,73,,79,,73,,83,,79,,71,,76,,79,,71,,72,,72,,76,,79,,74,,74,,68,,75,,76,,78,,79,,74,,63,,61,,68,,73,,75,,78,,72,,76,,70,,76,,81,,83,,80,,82,,82,,79,,82,,79,,74,,71,,70,,72,,76,,75,,83,,78,,77,,79,,84,,83,,86,,86,,81,,80,,78,,72,,72,,76,,72,,70,,70,,71,,73,,63,,71,,68,,78,,75,,70,,61,,58,,64,,66,,61,,63,,61,,76,,76,,81,,81,,70,,60,,58,,67,,65,,64,,67,,72,,67,,66,,56,,53,,66,,69,,71,,64,,58,,60,,72,,68,,68,,65,,66,,66,,60,,74,,72,,75,,72,,69,,69,,69,,58,,60,,57,,56,,56,,65,,59,,60,,55,,54,,50,,50,,57,,56,,54,,50,,57,,56,,54,,50,,57,,56,,54,,50,,57,,56,,54,,50,,57,,56,,54,,50,,57,,56,,54,,50,,57,,56,,54,,50,,57,,56,,54,,50,,57,,56,,54,,50,,57,,56,,49,,48,,49,,57,,56,,46,,48,,47,,50,,54,,48,,44,,47,,48,,47,,45,,46,,53,,54,,42,,43,,48,,45,,43,,40,,37,,44,,43,,40,,37,,41,,45,,42,,41,,56,,60,,45,,44,,46,,57,,56,,50,,49,,47,,43,,36,,37,,46,,46,,40,,38,,51,,47,,30,,37,,34,,35,,30,,37,,34,,35,,49,,44,,32,,36,,38,,30,,20,,24,,28,,26,,20,,24,,26,,34,,32,,29,,35,,44,,37,,24,,27,,25,,23,,24,,27,,25,,23,,24,,27,,25,,23,,24,,27,,25,,23,,24,,27,,25,,23,,24,,27,,25,,23,,24,,23,,32,,38,,45,,32,,27,,14,,17,,19,,16,,14,,17,,40,,45,,33,,36,,48,,40,,20,,12,,19,,41,,36,,54,,59,,39,,29,,13,,22,,41,,37,,52,,54,,41,,30,,14,,30,,44,,33,,26,,33,,36,,31,,29,,42,,47,,51,,41,,35,,47,,53,,44,,38,,44,,47,,42,,35,,44,,55,,35,,19,,24,,45,,58,,44,,38,,48,,53,,45,,43,,36,,43,,48,,38,,31,,43,,51,,42,,36,,41,,47,,42,,33,,40,,48,,32,,16,,0,
82,84,,74,,74,,74,,73,,73,,74,,73,,78,,72,,74,,73,,73,,68,,69,,75,,76,,84,,76,,79,,86,,80,,80,,76,,76,,82,,80,,83,,81,,78,,81,,74,,76,,82,,77,,74,,80,,82,,77,,71,,76,,74,,72,,73,,72,,71,,72,,74,,75,,71,,72,,74,,78,,74,,70,,73,,79,,79,,72,,74,,79,,83,,80,,80,,84,,82,,72,,82,,75,,77,,84,,82,,74,,76,,84,,83,,75,,80,,80,,77,,72,,81,,82,,78,,75,,80,,83,,86,,80,,77,,77,,80,,82,,79,,82,,82,,78,,84,,78,,76,,80,,80,,82,,80,,80,,79,,80,,73,,70,,77,,80,,78,,79,,78,,76,,75,,75,,75,,78,,78,,74,,77,,77,,70,,75,,75,,76,,72,,69,,78,,76,,75,,71,,77,,81,,77,,79,,78,,78,,83,,82,,74,,79,,84,,77,,73,,77,,80,,78,,78,,79,,80,,80,,69,,75,,71,,70,,67,,67,,70,,67,,67,,81,,82,,82,,79,,73,,77,,75,,84,,78,,77,,75,,76,,72,,80,,80,,83,,85,,79,,76,,74,,74,,70,,61,,64,,65,,59,,62,,71,,79,,80,,72,,60,,59,,50,,56,,56,,62,,59,,62,,67,,75,,71,,69,,72,,72,,76,,73,,71,,70,,66,,71,,68,,71,,72,,70,,68,,68,,68,,65,,63,,69,,77,,78,,81,,79,,70,,75,,70,,62,,53,,68,,74,,77,,75,,65,,58,,55,,63,,66,,59,,60,,68,,70,,75,,71,,66,,65,,62,,71,,66,,68,,80,,74,,65,,75,,70,,68,,75,,66,,66,,73,,69,,72,,72,,68,,74,,79,,78,,76,,79,,76,,73,,74,,78,,83,,90,,85,,81,,84,,77,,70,,68,,73,,69,,65,,66,,71,,73,,79,,80,,80,,78,,72,,66,,64,,66,,73,,78,,85,,78,,87,,81,,81,,86,,89,,80,,86,,89,,82,,80,,79,,69,,70,,73,,70,,81,,80,,72,,77,,73,,69,,71,,66,,74,,77,,71,,71,,76,,71,,73,,69,,72,,71,,77,,79,,73,,66,,77,,82,,81,,75,,79,,82,,79,,79,,79,,81,,84,,85,,78,,75,,67,,68,,66,,69,,69,,76,,73,,69,,69,,76,,69,,64,,68,,62,,60,,63,,59,,57,,59,,61,,59,,57,,67,,53,,39,,46,,52,,48,,39,,46,,52,,48,,39,,46,,52,,48,,39,,46,,52,,48,,39,,46,,52,,48,,39,,46,,52,,48,,39,,46,,52,,55,,51,,39,,48,,48,,42,,49,,57,,47,,43,,43,,47,,40,,46,,53,,48,,43,,50,,54,,42,,30,,42,,48,,43,,45,,48,,44,,37,,37,,36,,35,,37,,37,,36,,49,,52,,42,,43,,47,,49,,39,,32,,39,,43,,39,,37,,38,,45,,46,,33,,29,,32,,33,,38,,39,,36,,35,,45,,47,,33,,38,,33,,28,,33,,33,,35,,29,,26,,29,,44,,42,,19,,24,,28,,20,,19,,24,,28,,20,,19,,24,,28,,20,,19,,24,,28,,20,,19,,24,,28,,20,,19,,24,,28,,20,,19,,24,,28,,20,,19,,24,,46,,40,,52,,73,,54,,35,,39,,45,,49,,43,,33,,37,,53,,43,,28,,23,,28,,33,,37,,47,,46,,32,,22,,14,,22,,40,,43,,40,,39,,42,,30,,11,,20,,31,,28,,42,,47,,33,,22,,6,,19,,24,,45,,58,,44,,38,,48,,53,,45,,43,,36,,43,,48,,38,,31,,43,,51,,42,,36,,41,,47,,42,,33,,40,,48,,32,,16,,0,
81,75,,72,,75,,83,,77,,75,,81,,75,,74,,78,,73,,68,,74,,79,,79,,73,,79,,79,,82,,84,,78,,76,,75,,77,,79,,79,,79,,81,,81,,77,,75,,82,,78,,76,,79,,76,,78,,82,,75,,77,,81,,81,,79,,76,,79,,79,,70,,77,,79,,73,,81,,83,,83,,81,,81,,82,,73,,74,,83,,81,,80,,80,,79,,78,,81,,82,,76,,76,,80,,81,,79,,82,,80,,82,,81,,80,,79,,80,,81,,81,,82,,79,,78,,71,,76,,82,,79,,81,,80,,78,,74,,75,,74,,77,,78,,74,,78,,78,,80,,74,,70,,76,,78,,73,,76,,80,,80,,74,,74,,77,,74,,76,,76,,73,,73,,72,,73,,72,,72,,74,,74,,75,,71,,70,,69,,74,,81,,81,,82,,88,,81,,74,,71,,77,,78,,82,,84,,85,,83,,83,,78,,77,,74,,73,,79,,80,,83,,81,,71,,73,,70,,72,,78,,77,,76,,77,,77,,79,,72,,72,,72,,71,,77,,80,,75,,72,,76,,77,,73,,72,,68,,65,,70,,63,,65,,64,,64,,60,,60,,69,,76,,75,,67,,70,,65,,63,,73,,69,,69,,69,,61,,68,,64,,69,,73,,79,,78,,75,,76,,80,,76,,65,,69,,68,,64,,62,,68,,65,,71,,74,,80,,75,,72,,67,,65,,71,,76,,77,,79,,85,,80,,80,,73,,72,,70,,77,,79,,77,,79,,75,,69,,74,,74,,71,,69,,70,,71,,72,,69,,80,,82,,81,,81,,88,,89,,87,,85,,78,,74,,74,,68,,69,,64,,73,,76,,80,,76,,69,,60,,56,,53,,55,,58,,62,,74,,74,,76,,69,,63,,59,,63,,64,,63,,66,,73,,73,,80,,82,,79,,77,,79,,84,,85,,81,,85,,82,,82,,76,,79,,76,,79,,80,,79,,80,,84,,76,,80,,76,,78,,79,,76,,73,,72,,71,,67,,70,,73,,74,,69,,75,,76,,75,,81,,80,,77,,79,,67,,73,,74,,73,,72,,75,,73,,71,,66,,63,,73,,74,,83,,78,,78,,82,,67,,73,,75,,78,,71,,71,,79,,84,,77,,68,,62,,63,,68,,69,,78,,82,,83,,82,,84,,83,,82,,85,,84,,79,,78,,75,,74,,69,,67,,72,,77,,73,,75,,70,,68,,69,,68,,69,,71,,68,,75,,69,,72,,79,,81,,77,,75,,72,,70,,69,,67,,69,,69,,73,,72,,72,,72,,78,,77,,73,,78,,81,,80,,71,,75,,77,,71,,78,,77,,76,,72,,76,,73,,72,,63,,62,,60,,60,,67,,65,,54,,65,,54,,48,,57,,59,,54,,48,,57,,59,,54,,48,,57,,59,,54,,48,,57,,59,,54,,48,,57,,59,,54,,48,,57,,59,,54,,48,,57,,59,,54,,48,,57,,59,,54,,48,,57,,59,,54,,68,,63,,52,,54,,61,,56,,48,,52,,53,,44,,48,,51,,47,,46,,46,,55,,56,,40,,44,,48,,49,,38,,39,,42,,39,,42,,52,,49,,40,,37,,45,,41,,30,,28,,36,,38,,30,,28,,36,,41,,39,,29,,27,,40,,37,,16,,25,,24,,18,,16,,25,,24,,45,,46,,34,,32,,41,,42,,28,,29,,21,,20,,28,,29,,21,,20,,28,,29,,21,,20,,28,,29,,21,,20,,28,,29,,21,,20,,28,,29,,21,,20,,28,,29,,21,,20,,28,,36,,45,,53,,47,,33,,22,,18,,22,,39,,42,,37,,34,,41,,35,,18,,23,,19,,34,,39,,35,,35,,37,,37,,23,,12,,20,,37,,35,,54,,55,,39,,30,,13,,29,,39,,31,,55,,49,,41,,17,,23,,22,,23,,38,,42,,36,,38,,39,,30,,14,,20,,16,,35,,36,,29,,32,,37,,40,,24,,10,,21,,39,,35,,53,,59,,39,,27,,11,,20,,32,,30,,42,,46,,33,,21,,10,,17,,38,,50,,37,,32,,40,,44,,38,,36,,44,,53,,58,,47,,40,,53,,62,,50,,44,,36,,41,,47,,42,,33,,40,,48,,32,,16,,0,
84,80,,84,,83,,80,,80,,84,,87,,83,,84,,85,,84,,87,,86,,88,,88,,87,,88,,83,,81,,84,,87,,90,,89,,90,,82,,81,,82,,83,,86,,83,,87,,89,,81,,82,,81,,80,,87,,89,,87,,87,,85,,87,,82,,82,,87,,86,,83,,85,,83,,83,,80,,79,,83,,78,,72,,80,,84,,83,,78,,78,,71,,75,,74,,75,,76,,68,,76,,79,,80,,77,,79,,79,,78,,75,,74,,67,,71,,77,,82,,75,,74,,84,,76,,66,,75,,78,,80,,75,,68,,67,,66,,67,,69,,74,,77,,77,,76,,78,,72,,68,,76,,76,,76,,76,,76,,77,,74,,70,,74,,77,,76,,70,,75,,79,,73,,68,,73,,76,,77,,79,,77,,82,,82,,75,,75,,76,,75,,79,,80,,83,,83,,73,,74,,73,,78,,75,,77,,74,,80,,77,,76,,78,,72,,73,,75,,78,,79,,73,,73,,78,,73,,71,,73,,77,,75,,75,,75,,73,,82,,77,,77,,78,,68,,68,,71,,77,,77,,80,,79,,82,,76,,82,,79,,73,,71,,74,,72,,74,,73,,71,,65,,62,,65,,68,,66,,60,,68,,67,,66,,67,,66,,62,,67,,74,,84,,86,,85,,86,,71,,79,,78,,78,,73,,75,,79,,74,,76,,81,,76,,76,,79,,79,,80,,83,,76,,79,,74,,79,,76,,71,,74,,70,,71,,71,,71,,83,,75,,75,,79,,73,,67,,72,,73,,72,,65,,68,,71,,84,,83,,82,,80,,73,,70,,68,,63,,63,,63,,65,,62,,60,,72,,76,,72,,70,,69,,73,,77,,82,,85,,80,,74,,70,,64,,68,,70,,71,,68,,71,,66,,73,,79,,77,,73,,69,,67,,71,,70,,71,,72,,78,,81,,76,,71,,75,,75,,73,,66,,73,,75,,80,,79,,73,,75,,79,,72,,71,,75,,76,,68,,72,,82,,82,,84,,85,,84,,85,,85,,90,,83,,86,,88,,78,,76,,71,,75,,79,,79,,80,,82,,73,,75,,73,,70,,70,,70,,65,,65,,75,,73,,76,,81,,72,,79,,75,,71,,73,,69,,70,,68,,69,,69,,62,,64,,77,,75,,69,,70,,59,,61,,56,,53,,58,,72,,70,,64,,62,,70,,58,,53,,48,,55,,56,,66,,70,,62,,58,,64,,61,,61,,59,,60,,67,,62,,71,,68,,73,,75,,75,,76,,79,,73,,79,,78,,75,,81,,77,,67,,61,,67,,61,,59,,60,,63,,68,,66,,74,,71,,60,,61,,62,,65,,68,,75,,74,,77,,70,,71,,70,,70,,78,,78,,78,,72,,71,,81,,85,,84,,88,,86,,77,,76,,74,,68,,65,,62,,62,,70,,77,,75,,80,,82,,78,,77,,84,,83,,74,,72,,77,,82,,78,,70,,72,,72,,78,,70,,72,,72,,78,,70,,72,,72,,72,,78,,73,,74,,69,,65,,61,,56,,54,,57,,54,,52,,54,,57,,54,,52,,54,,57,,54,,52,,54,,57,,54,,52,,54,,57,,54,,52,,54,,57,,54,,52,,54,,57,,54,,52,,54,,52,,53,,54,,54,,53,,57,,60,,54,,61,,54,,49,,49,,54,,56,,52,,46,,58,,66,,52,,53,,59,,54,,50,,46,,53,,51,,42,,54,,56,,45,,39,,39,,46,,44,,39,,39,,46,,44,,39,,39,,46,,54,,52,,42,,37,,40,,43,,33,,29,,32,,51,,47,,31,,28,,38,,40,,31,,27,,27,,33,,31,,27,,27,,38,,35,,30,,38,,44,,36,,19,,25,,28,,26,,19,,25,,28,,26,,19,,25,,28,,26,,19,,25,,28,,26,,19,,25,,28,,26,,19,,25,,28,,26,,19,,25,,41,,41,,54,,67,,50,,38,,42,,42,,43,,43,,33,,32,,52,,40,,21,,24,,33,,43,,48,,38,,30,,18,,16,,22,,21,,18,,32,,32,,29,,41,,44,,37,,15,,10,,15,,35,,34,,52,,53,,34,,28,,14,,30,,36,,28,,52,,50,,42,,18,,20,,20,,20,,37,,45,,38,,37,,43,,33,,15,,21,,19,,37,,38,,29,,33,,43,,43,,23,,11,,20,,32,,30,,42,,46,,33,,21,,10,,17,,38,,50,,37,,32,,40,,44,,38,,36,,44,,53,,58,,47,,40,,53,,62,,50,,44,,36,,41,,47,,42,,33,,40,,48,,32,,16,,0,
87,85,,82,,82,,83,,85,,81,,88,,87,,88,,87,,88,,78,,77,,76,,73,,82,,84,,85,,86,,83,,82,,76,,79,,82,,82,,82,,84,,82,,83,,80,,82,,80,,78,,84,,84,,82,,83,,83,,84,,80,,80,,84,,85,,79,,81,,81,,77,,79,,83,,84,,83,,79,,83,,83,,83,,81,,80,,80,,75,,81,,84,,82,,71,,77,,82,,83,,79,,76,,85,,83,,71,,75,,82,,82,,78,,73,,83,,82,,83,,83,,82,,84,,85,,83,,79,,82,,79,,85,,83,,77,,78,,79,,79,,81,,79,,79,,79,,73,,73,,83,,80,,80,,80,,76,,81,,80,,81,,75,,76,,79,,87,,84,,78,,78,,77,,79,,84,,80,,73,,73,,74,,75,,76,,79,,76,,81,,82,,73,,74,,78,,79,,78,,76,,76,,75,,75,,77,,76,,71,,75,,76,,69,,74,,68,,75,,78,,78,,76,,72,,74,,73,,70,,71,,72,,69,,69,,73,,70,,73,,79,,70,,76,,69,,76,,87,,80,,81,,78,,73,,76,,79,,79,,74,,73,,67,,65,,73,,72,,74,,75,,70,,69,,77,,75,,78,,78,,72,,68,,71,,61,,65,,69,,67,,63,,63,,58,,63,,65,,68,,75,,74,,74,,70,,72,,72,,78,,70,,68,,62,,70,,72,,67,,70,,76,,72,,76,,78,,76,,78,,77,,75,,72,,64,,72,,70,,70,,65,,71,,76,,74,,77,,74,,72,,80,,75,,68,,72,,71,,73,,68,,70,,73,,69,,80,,78,,79,,76,,74,,71,,70,,73,,66,,70,,70,,68,,66,,67,,62,,76,,76,,74,,73,,66,,63,,61,,65,,64,,65,,66,,73,,68,,73,,73,,79,,74,,65,,64,,73,,71,,72,,69,,71,,78,,76,,76,,74,,68,,75,,71,,65,,60,,61,,65,,64,,58,,66,,66,,64,,63,,54,,54,,60,,60,,60,,62,,66,,60,,60,,71,,71,,80,,87,,81,,78,,81,,79,,78,,79,,69,,80,,76,,71,,67,,70,,76,,73,,79,,74,,69,,75,,80,,70,,72,,78,,72,,72,,72,,73,,71,,71,,71,,66,,66,,66,,66,,63,,66,,71,,75,,76,,73,,78,,70,,75,,69,,72,,69,,70,,70,,72,,76,,76,,78,,80,,71,,71,,69,,71,,69,,69,,76,,75,,78,,79,,69,,64,,59,,55,,61,,58,,61,,74,,71,,73,,72,,64,,59,,62,,59,,62,,68,,68,,74,,73,,72,,75,,57,,65,,68,,67,,63,,64,,75,,76,,69,,73,,77,,67,,78,,75,,77,,71,,69,,74,,71,,73,,76,,68,,70,,73,,77,,78,,79,,76,,82,,73,,60,,63,,64,,67,,70,,66,,65,,58,,65,,66,,65,,68,,69,,63,,59,,56,,59,,56,,55,,56,,59,,56,,55,,56,,59,,56,,55,,56,,59,,56,,55,,56,,59,,56,,55,,56,,59,,56,,55,,56,,59,,56,,55,,56,,59,,56,,55,,56,,59,,56,,57,,59,,52,,55,,64,,58,,53,,44,,51,,59,,73,,68,,50,,52,,52,,51,,56,,55,,45,,44,,54,,56,,45,,48,,64,,60,,44,,40,,43,,43,,42,,46,,56,,53,,35,,34,,39,,34,,35,,34,,39,,43,,42,,44,,42,,53,,54,,38,,36,,32,,43,,49,,41,,49,,52,,45,,33,,38,,29,,22,,33,,38,,29,,39,,42,,35,,36,,36,,35,,31,,31,,31,,37,,42,,33,,31,,36,,42,,26,,28,,25,,19,,28,,35,,32,,26,,21,,39,,42,,18,,18,,22,,20,,18,,18,,22,,20,,18,,18,,22,,20,,18,,18,,22,,20,,18,,18,,22,,20,,18,,18,,22,,20,,18,,18,,22,,20,,43,,40,,48,,67,,52,,34,,39,,42,,50,,48,,32,,32,,52,,42,,24,,22,,24,,39,,46,,48,,43,,30,,18,,18,,20,,16,,20,,16,,34,,41,,38,,37,,41,,31,,15,,21,,22,,37,,36,,33,,35,,38,,42,,23,,8,,24,,35,,27,,51,,44,,36,,12,,19,,17,,19,,41,,43,,31,,31,,41,,34,,16,,22,,15,,35,,40,,27,,29,,39,,39,,27,,15,,22,,31,,27,,40,,43,,32,,26,,10,,27,,39,,28,,23,,29,,31,,31,,29,,33,,39,,31,,23,,33,,40,,31,,25,,38,,44,,48,,51,,45,,39,,49,,59,,40,,24,,45,,58,,44,,38,,48,,53,,45,,43,,36,,43,,48,,38,,31,,43,,51,,42,,36,,41,,47,,42,,33,,40,,48,,32,,16,,0,
81,83,,87,,83,,88,,86,,85,,85,,85,,86,,86,,83,,85,,82,,83,,83,,83,,87,,84,,82,,79,,79,,80,,81,,82,,85,,88,,81,,81,,81,,78,,85,,82,,85,,78,,81,,81,,81,,88,,85,,82,,85,,86,,84,,87,,86,,81,,81,,78,,78,,81,,82,,80,,85,,84,,80,,83,,83,,84,,82,,84,,88,,80,,78,,83,,80,,83,,80,,77,,77,,77,,78,,80,,78,,81,,81,,82,,79,,79,,81,,81,,77,,82,,81,,82,,83,,80,,79,,77,,76,,82,,83,,80,,83,,86,,81,,80,,80,,81,,81,,80,,80,,81,,79,,77,,81,,82,,81,,79,,80,,76,,73,,79,,76,,72,,79,,81,,79,,74,,77,,81,,79,,76,,78,,78,,75,,73,,78,,78,,80,,75,,73,,81,,79,,72,,70,,76,,79,,76,,80,,77,,82,,79,,73,,75,,75,,79,,85,,81,,77,,82,,82,,73,,73,,72,,78,,80,,80,,78,,75,,79,,72,,74,,78,,77,,74,,75,,69,,72,,75,,70,,71,,69,,76,,79,,86,,82,,75,,74,,75,,77,,77,,82,,90,,88,,81,,81,,73,,74,,71,,74,,69,,72,,78,,79,,82,,84,,81,,78,,73,,70,,67,,68,,69,,68,,66,,69,,74,,73,,73,,77,,71,,78,,78,,77,,69,,65,,71,,64,,56,,61,,61,,61,,74,,70,,72,,74,,66,,62,,59,,59,,61,,68,,68,,66,,68,,68,,69,,72,,71,,70,,67,,70,,68,,71,,76,,70,,65,,63,,62,,63,,74,,80,,86,,81,,67,,61,,61,,62,,69,,71,,62,,69,,63,,70,,65,,64,,78,,81,,80,,81,,70,,71,,72,,74,,86,,82,,80,,83,,74,,70,,70,,70,,62,,60,,74,,69,,65,,75,,76,,75,,77,,78,,80,,76,,72,,72,,67,,70,,68,,65,,67,,68,,79,,81,,81,,79,,83,,81,,70,,73,,74,,75,,69,,62,,63,,63,,62,,56,,58,,55,,59,,51,,53,,55,,47,,51,,53,,50,,54,,49,,57,,50,,54,,49,,57,,50,,54,,49,,57,,50,,54,,49,,57,,50,,54,,49,,57,,50,,54,,49,,57,,50,,54,,49,,57,,50,,54,,49,,55,,57,,50,,51,,53,,51,,50,,52,,54,,55,,61,,66,,48,,55,,52,,43,,47,,53,,43,,49,,45,,38,,36,,49,,48,,44,,44,,52,,49,,42,,49,,42,,48,,50,,49,,55,,57,,52,,38,,37,,49,,48,,29,,28,,30,,32,,22,,13,,23,,27,,22,,13,,23,,27,,22,,13,,23,,22,,31,,31,,24,,26,,38,,39,,21,,20,,19,,18,,21,,20,,19,,18,,21,,20,,19,,18,,21,,20,,19,,18,,21,,20,,19,,18,,21,,20,,19,,18,,21,,20,,19,,18,,21,,20,,19,,38,,38,,51,,70,,50,,33,,37,,37,,44,,43,,33,,33,,53,,43,,23,,24,,23,,36,,47,,52,,40,,32,,16,,4,,14,,22,,42,,42,,36,,33,,44,,39,,19,,10,,21,,39,,34,,53,,55,,36,,28,,8,,32,,40,,24,,48,,48,,40,,16,,16,,19,,16,,28,,35,,27,,20,,30,,24,,10,,20,,20,,36,,32,,25,,22,,31,,36,,24,,12,,23,,41,,36,,54,,57,,42,,30,,10,,25,,39,,29,,22,,28,,31,,27,,25,,36,,44,,53,,58,,47,,40,,53,,62,,50,,44,,36,,41,,47,,42,,33,,40,,48,,32,,16,,0,
80,76,,79,,83,,81,,78,,77,,80,,80,,81,,79,,78,,76,,75,,77,,81,,80,,83,,83,,83,,82,,78,,78,,81,,84,,78,,77,,81,,82,,78,,78,,81,,80,,82,,81,,81,,84,,85,,78,,80,,78,,81,,83,,80,,73,,73,,82,,78,,78,,76,,75,,77,,78,,80,,75,,71,,79,,79,,74,,82,,80,,76,,76,,70,,73,,73,,73,,77,,70,,72,,75,,72,,67,,68,,75,,68,,67,,77,,77,,68,,66,,78,,81,,67,,69,,76,,74,,70,,73,,72,,65,,67,,81,,78,,66,,69,,76,,74,,67,,65,,79,,81,,81,,77,,73,,80,,82,,81,,79,,81,,78,,74,,77,,79,,81,,79,,80,,79,,81,,81,,78,,75,,77,,81,,81,,80,,83,,78,,77,,80,,82,,84,,80,,81,,81,,80,,80,,81,,83,,82,,78,,80,,78,,80,,80,,83,,89,,84,,78,,80,,82,,80,,80,,73,,75,,72,,73,,79,,79,,81,,77,,81,,78,,78,,78,,81,,83,,84,,78,,79,,77,,75,,77,,77,,77,,77,,78,,78,,79,,81,,78,,70,,68,,73,,74,,76,,70,,70,,77,,75,,73,,75,,71,,68,,67,,68,,76,,79,,81,,73,,78,,82,,74,,81,,84,,77,,81,,83,,81,,79,,79,,78,,74,,66,,72,,74,,66,,68,,62,,72,,74,,69,,71,,75,,79,,69,,76,,73,,77,,74,,70,,68,,73,,68,,73,,74,,74,,76,,73,,67,,77,,78,,75,,78,,77,,76,,74,,72,,71,,67,,67,,70,,77,,82,,83,,81,,84,,80,,73,,73,,74,,75,,73,,70,,68,,70,,78,,76,,78,,73,,64,,70,,72,,67,,65,,69,,70,,67,,67,,79,,75,,79,,74,,63,,72,,73,,73,,73,,76,,73,,77,,71,,75,,79,,77,,76,,72,,73,,70,,71,,70,,72,,69,,69,,67,,77,,80,,78,,75,,67,,69,,66,,69,,77,,80,,68,,79,,75,,69,,68,,65,,65,,69,,65,,66,,66,,56,,71,,74,,76,,76,,62,,64,,56,,55,,61,,63,,69,,74,,77,,77,,76,,76,,80,,70,,73,,74,,66,,68,,69,,62,,62,,68,,64,,68,,73,,78,,79,,84,,81,,72,,79,,71,,79,,77,,77,,77,,80,,77,,79,,80,,73,,67,,65,,71,,70,,73,,67,,68,,69,,71,,65,,63,,55,,58,,58,,53,,55,,58,,58,,53,,55,,58,,58,,53,,55,,58,,58,,53,,55,,58,,58,,53,,55,,58,,58,,53,,55,,58,,58,,53,,55,,58,,58,,53,,55,,58,,58,,53,,55,,48,,51,,49,,53,,50,,43,,52,,56,,45,,42,,48,,50,,47,,48,,57,,60,,52,,49,,54,,58,,49,,46,,47,,51,,46,,44,,49,,55,,48,,48,,54,,47,,43,,44,,44,,59,,56,,42,,55,,53,,48,,44,,42,,44,,52,,49,,36,,42,,44,,44,,36,,37,,30,,31,,36,,37,,42,,45,,42,,40,,44,,48,,40,,31,,34,,40,,36,,31,,41,,48,,40,,39,,49,,46,,37,,40,,41,,38,,47,,46,,34,,36,,40,,37,,33,,33,,38,,43,,34,,36,,36,,44,,41,,27,,33,,31,,27,,27,,33,,31,,27,,27,,33,,31,,27,,27,,33,,31,,27,,27,,33,,31,,27,,27,,33,,31,,27,,27,,33,,31,,27,,27,,33,,31,,46,,41,,54,,71,,54,,42,,42,,47,,47,,43,,35,,37,,51,,44,,27,,33,,44,,50,,50,,33,,29,,20,,16,,36,,38,,28,,36,,45,,38,,20,,12,,20,,38,,34,,52,,57,,37,,27,,12,,22,,43,,36,,50,,55,,35,,26,,7,,26,,40,,26,,19,,29,,32,,24,,22,,36,,44,,52,,55,,44,,39,,51,,58,,49,,43,,48,,53,,47,,39,,50,,62,,40,,24,,16,,0,
81,84,,86,,81,,84,,88,,85,,86,,83,,85,,86,,83,,83,,85,,87,,85,,80,,82,,82,,86,,88,,89,,85,,83,,85,,86,,82,,89,,90,,88,,84,,83,,81,,81,,80,,77,,83,,83,,78,,84,,87,,82,,78,,82,,80,,80,,76,,74,,76,,76,,77,,80,,78,,86,,76,,73,,80,,80,,78,,78,,78,,81,,78,,82,,79,,71,,72,,77,,77,,76,,76,,81,,79,,76,,75,,74,,77,,77,,78,,80,,77,,79,,75,,80,,77,,72,,78,,81,,74,,74,,81,,79,,71,,68,,75,,69,,74,,75,,70,,70,,73,,79,,75,,69,,71,,73,,82,,78,,68,,70,,74,,72,,69,,72,,81,,76,,76,,81,,78,,70,,78,,76,,71,,72,,79,,79,,80,,81,,74,,72,,72,,69,,76,,80,,76,,80,,79,,80,,78,,69,,73,,79,,82,,79,,72,,77,,84,,78,,75,,79,,83,,80,,76,,78,,80,,81,,77,,81,,82,,81,,80,,82,,80,,83,,78,,82,,75,,79,,85,,81,,79,,81,,84,,80,,76,,77,,71,,70,,75,,77,,77,,78,,73,,72,,71,,69,,69,,69,,66,,60,,73,,75,,73,,76,,70,,61,,63,,63,,67,,72,,70,,77,,81,,84,,82,,83,,86,,83,,87,,87,,80,,82,,75,,71,,76,,80,,79,,74,,72,,66,,65,,67,,71,,72,,79,,77,,67,,75,,81,,85,,89,,87,,79,,74,,78,,79,,81,,78,,72,,74,,79,,82,,82,,83,,88,,83,,82,,83,,73,,78,,77,,76,,76,,63,,63,,77,,88,,87,,80,,76,,79,,74,,71,,77,,80,,70,,68,,64,,68,,68,,61,,70,,74,,70,,68,,63,,60,,64,,68,,67,,71,,73,,70,,74,,68,,69,,76,,72,,71,,69,,70,,74,,68,,66,,76,,74,,74,,79,,74,,68,,66,,68,,64,,71,,72,,78,,75,,75,,79,,73,,73,,74,,71,,64,,63,,72,,76,,74,,69,,77,,76,,77,,77,,70,,72,,74,,71,,75,,74,,76,,78,,78,,68,,64,,64,,61,,74,,76,,77,,66,,62,,63,,68,,61,,69,,61,,50,,54,,50,,53,,57,,59,,53,,58,,58,,60,,66,,58,,58,,60,,66,,58,,58,,60,,66,,58,,58,,60,,66,,58,,58,,60,,66,,58,,58,,60,,66,,58,,58,,60,,66,,58,,58,,60,,66,,58,,58,,60,,66,,58,,58,,60,,61,,55,,49,,51,,55,,57,,53,,52,,55,,50,,47,,44,,46,,52,,49,,56,,55,,44,,44,,50,,50,,43,,44,,51,,49,,44,,54,,55,,46,,38,,38,,40,,35,,38,,44,,38,,29,,37,,45,,36,,20,,29,,30,,27,,36,,43,,39,,37,,46,,50,,39,,29,,33,,40,,36,,34,,38,,46,,45,,26,,28,,28,,26,,26,,28,,28,,26,,26,,28,,46,,42,,26,,29,,37,,37,,23,,16,,21,,22,,23,,16,,21,,22,,23,,16,,21,,22,,23,,16,,21,,22,,23,,16,,21,,22,,23,,16,,21,,22,,23,,16,,21,,22,,46,,40,,50,,69,,51,,32,,38,,44,,50,,46,,32,,34,,56,,47,,26,,23,,26,,37,,44,,45,,37,,30,,19,,23,,17,,13,,23,,17,,35,,40,,29,,29,,43,,45,,23,,12,,16,,36,,37,,52,,52,,39,,30,,10,,26,,34,,26,,50,,46,,38,,14,,18,,22,,18,,38,,43,,34,,35,,43,,35,,19,,25,,18,,35,,39,,30,,34,,43,,43,,22,,11,,18,,39,,36,,50,,55,,41,,29,,13,,22,,35,,34,,44,,46,,34,,25,,11,,28,,40,,29,,24,,30,,32,,32,,30,,34,,40,,32,,24,,34,,41,,32,,26,,41,,43,,46,,41,,34,,44,,53,,34,,18,,39,,51,,38,,33,,41,,45,,39,,37,,43,,36,,43,,48,,38,,31,,43,,51,,42,,36,,41,,47,,42,,33,,40,,48,,32,,16,,0,
81,86,,80,,78,,79,,79,,81,,82,,82,,85,,82,,84,,82,,79,,79,,82,,81,,79,,78,,84,,81,,76,,79,,80,,79,,76,,79,,81,,79,,74,,76,,80,,79,,81,,81,,88,,79,,75,,85,,84,,78,,78,,81,,88,,81,,79,,84,,81,,76,,80,,80,,75,,78,,83,,77,,75,,75,,78,,76,,78,,78,,81,,79,,74,,78,,83,,75,,76,,80,,78,,84,,78,,77,,82,,71,,69,,80,,80,,78,,76,,78,,80,,78,,71,,74,,75,,70,,74,,77,,80,,76,,77,,78,,79,,77,,71,,76,,73,,77,,80,,81,,75,,75,,77,,72,,73,,73,,70,,71,,74,,74,,72,,68,,68,,68,,73,,69,,66,,71,,78,,73,,66,,66,,66,,67,,76,,78,,82,,82,,76,,71,,70,,68,,68,,70,,71,,82,,80,,80,,76,,67,,61,,65,,62,,64,,66,,63,,64,,68,,69,,69,,73,,74,,80,,77,,82,,81,,79,,81,,79,,77,,71,,72,,75,,70,,68,,78,,75,,81,,83,,85,,80,,80,,71,,62,,67,,70,,68,,68,,76,,72,,71,,66,,59,,62,,66,,74,,77,,74,,75,,71,,65,,67,,70,,77,,74,,70,,65,,70,,66,,81,,73,,65,,66,,69,,70,,70,,75,,85,,83,,80,,83,,70,,72,,66,,68,,71,,65,,57,,60,,63,,66,,72,,78,,73,,71,,70,,61,,66,,64,,70,,67,,61,,64,,66,,72,,71,,81,,81,,80,,78,,78,,78,,78,,74,,78,,69,,69,,71,,70,,74,,77,,72,,69,,67,,76,,70,,77,,75,,63,,61,,67,,70,,65,,71,,68,,70,,70,,83,,80,,75,,75,,62,,70,,80,,77,,81,,77,,81,,75,,76,,80,,81,,77,,82,,81,,75,,74,,73,,72,,73,,75,,75,,75,,75,,67,,69,,80,,77,,74,,77,,77,,77,,71,,67,,69,,74,,77,,81,,76,,64,,66,,67,,68,,67,,73,,71,,76,,81,,79,,80,,81,,79,,79,,73,,76,,79,,77,,79,,78,,78,,76,,72,,80,,79,,81,,82,,79,,77,,73,,68,,68,,75,,72,,75,,73,,81,,81,,78,,78,,82,,84,,75,,69,,68,,71,,74,,72,,73,,81,,77,,69,,73,,70,,81,,87,,82,,82,,86,,79,,81,,80,,77,,80,,82,,80,,79,,81,,75,,80,,81,,75,,71,,76,,76,,76,,67,,73,,78,,69,,69,,69,,71,,64,,61,,57,,69,,70,,61,,58,,59,,60,,61,,58,,59,,60,,61,,58,,59,,60,,61,,58,,59,,60,,61,,58,,59,,60,,61,,58,,59,,60,,61,,58,,59,,60,,61,,58,,59,,60,,61,,58,,59,,60,,64,,62,,60,,66,,75,,65,,53,,51,,52,,46,,46,,53,,48,,42,,37,,34,,26,,29,,38,,35,,35,,31,,33,,35,,35,,31,,33,,35,,50,,41,,34,,40,,45,,44,,35,,38,,39,,36,,35,,43,,45,,37,,40,,46,,42,,32,,34,,30,,30,,32,,34,,30,,30,,32,,39,,38,,32,,34,,43,,37,,22,,24,,26,,25,,22,,24,,26,,25,,22,,24,,26,,25,,22,,24,,26,,25,,22,,24,,26,,25,,22,,24,,26,,25,,26,,25,,38,,40,,47,,41,,37,,24,,18,,22,,22,,22,,22,,42,,46,,34,,37,,42,,33,,15,,23,,19,,39,,41,,30,,32,,39,,41,,26,,12,,20,,40,,35,,51,,54,,37,,26,,8,,20,,30,,24,,37,,42,,30,,19,,7,,26,,40,,26,,19,,29,,32,,24,,22,,36,,44,,52,,55,,44,,39,,51,,58,,49,,43,,48,,53,,47,,39,,50,,62,,40,,24,,16,,0,
84,84,,80,,82,,82,,80,,82,,80,,82,,84,,81,,80,,82,,82,,81,,78,,82,,78,,78,,75,,78,,79,,76,,75,,79,,77,,76,,77,,79,,76,,77,,83,,80,,77,,80,,83,,77,,76,,79,,77,,76,,77,,80,,78,,79,,77,,71,,68,,75,,75,,73,,75,,79,,79,,81,,82,,81,,79,,82,,82,,81,,79,,77,,76,,77,,77,,78,,79,,80,,80,,82,,82,,80,,79,,84,,75,,73,,74,,76,,83,,81,,87,,87,,82,,85,,80,,80,,82,,83,,82,,82,,79,,83,,83,,81,,78,,75,,79,,75,,76,,78,,80,,79,,80,,77,,74,,74,,74,,79,,79,,73,,73,,70,,72,,76,,74,,77,,77,,73,,73,,78,,81,,75,,73,,81,,75,,71,,73,,76,,80,,78,,74,,75,,71,,70,,74,,77,,79,,77,,74,,76,,73,,70,,75,,77,,76,,75,,73,,78,,73,,70,,70,,75,,77,,75,,81,,81,,77,,72,,71,,73,,71,,69,,68,,72,,79,,82,,80,,72,,75,,72,,67,,72,,74,,71,,69,,70,,70,,67,,67,,67,,66,,70,,66,,65,,68,,72,,68,,65,,73,,67,,71,,74,,66,,68,,70,,74,,74,,67,,66,,68,,66,,72,,75,,69,,68,,75,,71,,73,,76,,72,,65,,69,,72,,76,,76,,75,,76,,73,,72,,74,,74,,76,,78,,78,,71,,70,,70,,69,,67,,72,,73,,71,,73,,72,,71,,73,,78,,72,,74,,80,,74,,70,,69,,70,,70,,68,,70,,76,,70,,70,,66,,68,,78,,74,,77,,79,,69,,75,,69,,65,,66,,67,,75,,77,,79,,77,,64,,63,,66,,67,,80,,82,,79,,78,,65,,62,,61,,68,,68,,69,,63,,70,,71,,73,,74,,61,,62,,68,,73,,69,,67,,86,,82,,76,,77,,68,,67,,71,,69,,84,,86,,84,,82,,76,,79,,76,,74,,75,,69,,70,,76,,76,,78,,76,,75,,80,,73,,75,,73,,69,,70,,69,,67,,67,,68,,65,,71,,70,,82,,82,,72,,74,,65,,72,,75,,73,,72,,66,,65,,74,,75,,72,,73,,76,,83,,85,,87,,84,,87,,81,,76,,74,,69,,67,,73,,70,,68,,77,,81,,83,,79,,68,,70,,66,,65,,66,,70,,75,,72,,68,,68,,65,,65,,65,,63,,66,,68,,74,,72,,82,,81,,71,,71,,65,,64,,67,,77,,77,,73,,72,,77,,74,,77,,77,,71,,74,,69,,68,,66,,64,,71,,71,,70,,62,,56,,73,,71,,66,,69,,74,,76,,76,,67,,71,,67,,63,,53,,54,,60,,55,,53,,45,,43,,48,,46,,45,,43,,43,,48,,52,,45,,50,,49,,49,,45,,50,,49,,49,,45,,50,,49,,49,,45,,50,,49,,49,,53,,46,,52,,48,,53,,46,,52,,48,,53,,46,,52,,48,,53,,46,,52,,48,,53,,60,,66,,65,,58,,61,,69,,60,,57,,53,,52,,48,,41,,44,,43,,44,,47,,40,,37,,39,,41,,36,,42,,49,,50,,43,,38,,45,,47,,40,,46,,48,,57,,57,,49,,50,,51,,47,,38,,35,,38,,37,,38,,35,,38,,51,,55,,47,,43,,55,,59,,49,,47,,44,,53,,52,,43,,50,,53,,45,,34,,43,,36,,32,,34,,39,,40,,34,,31,,41,,38,,18,,25,,24,,23,,38,,35,,23,,26,,33,,34,,26,,20,,24,,26,,20,,20,,36,,38,,28,,32,,42,,42,,26,,24,,26,,22,,26,,24,,26,,22,,26,,24,,26,,22,,26,,24,,26,,22,,26,,24,,26,,22,,26,,24,,26,,22,,26,,24,,26,,22,,26,,32,,40,,46,,39,,28,,19,,20,,16,,20,,16,,39,,47,,34,,37,,43,,33,,15,,21,,22,,42,,41,,33,,34,,41,,42,,24,,14,,22,,41,,38,,54,,56,,38,,29,,11,,27,,35,,27,,51,,47,,39,,15,,19,,17,,19,,37,,43,,40,,38,,43,,33,,14,,22,,20,,36,,36,,32,,35,,40,,43,,25,,9,,19,,30,,24,,36,,40,,31,,20,,7,,27,,39,,25,,20,,29,,31,,28,,26,,33,,39,,28,,20,,33,,40,,28,,22,,36,,43,,48,,53,,47,,39,,50,,62,,40,,24,,16,,0,
83,80,,80,,84,,80,,82,,79,,77,,82,,88,,89,,82,,82,,85,,85,,75,,85,,83,,77,,85,,84,,81,,81,,74,,80,,87,,84,,83,,86,,81,,85,,81,,83,,86,,79,,86,,84,,81,,87,,81,,83,,81,,87,,81,,84,,86,,79,,86,,83,,81,,78,,78,,81,,82,,83,,80,,78,,84,,82,,76,,81,,78,,76,,77,,78,,74,,78,,80,,79,,76,,79,,85,,79,,81,,83,,80,,82,,76,,79,,79,,81,,78,,77,,77,,78,,79,,77,,79,,80,,76,,74,,75,,79,,76,,75,,77,,81,,85,,72,,70,,81,,81,,82,,79,,81,,81,,79,,81,,81,,79,,79,,78,,78,,78,,76,,74,,77,,76,,75,,76,,75,,76,,84,,78,,76,,76,,77,,77,,73,,71,,72,,71,,77,,79,,76,,71,,70,,69,,72,,79,,78,,66,,72,,73,,71,,70,,70,,79,,74,,64,,74,,79,,72,,65,,68,,67,,67,,68,,73,,69,,72,,73,,70,,71,,68,,69,,74,,76,,74,,72,,70,,71,,82,,75,,71,,74,,70,,68,,67,,64,,65,,71,,72,,75,,74,,78,,78,,74,,68,,69,,77,,78,,83,,78,,75,,65,,61,,72,,74,,68,,66,,66,,72,,71,,73,,76,,67,,67,,68,,61,,63,,64,,70,,65,,67,,75,,71,,70,,73,,76,,76,,72,,71,,67,,69,,71,,69,,68,,70,,72,,76,,79,,78,,77,,77,,69,,64,,68,,66,,67,,67,,76,,71,,77,,77,,73,,66,,67,,69,,75,,74,,70,,72,,73,,81,,81,,81,,77,,73,,73,,75,,76,,75,,78,,76,,68,,76,,73,,69,,72,,69,,77,,82,,79,,81,,83,,82,,77,,80,,81,,82,,82,,76,,73,,73,,71,,63,,69,,67,,78,,74,,77,,81,,69,,68,,64,,71,,69,,65,,69,,77,,74,,72,,83,,80,,75,,77,,74,,73,,75,,69,,69,,65,,68,,71,,68,,61,,59,,64,,64,,78,,83,,78,,77,,69,,63,,64,,70,,71,,72,,76,,70,,77,,81,,76,,73,,70,,70,,76,,73,,68,,67,,74,,80,,73,,80,,77,,75,,88,,82,,86,,88,,76,,69,,59,,61,,63,,68,,69,,71,,72,,73,,83,,81,,77,,79,,83,,84,,82,,76,,74,,64,,71,,73,,67,,68,,67,,65,,61,,66,,60,,63,,68,,68,,75,,78,,79,,84,,74,,72,,67,,68,,67,,71,,79,,77,,72,,62,,57,,66,,64,,62,,57,,62,,59,,53,,69,,70,,54,,55,,54,,53,,52,,51,,54,,53,,52,,51,,54,,53,,52,,51,,54,,53,,52,,51,,54,,53,,52,,51,,54,,53,,52,,51,,54,,53,,52,,51,,54,,53,,52,,51,,54,,53,,52,,51,,51,,55,,58,,56,,62,,56,,48,,55,,59,,53,,51,,46,,53,,52,,42,,45,,53,,53,,43,,44,,50,,49,,44,,47,,57,,56,,43,,46,,42,,45,,47,,41,,52,,54,,47,,38,,44,,40,,38,,38,,44,,40,,38,,38,,40,,48,,50,,45,,44,,45,,47,,42,,40,,35,,40,,40,,48,,48,,37,,32,,42,,43,,25,,26,,33,,28,,25,,26,,33,,28,,25,,26,,33,,41,,38,,27,,32,,38,,29,,20,,17,,18,,27,,20,,17,,18,,27,,20,,17,,18,,27,,20,,17,,18,,27,,20,,17,,18,,27,,20,,17,,20,,37,,44,,36,,39,,44,,27,,11,,18,,35,,33,,49,,52,,38,,27,,10,,23,,40,,52,,39,,34,,43,,45,,40,,38,,47,,51,,41,,35,,46,,54,,44,,38,,44,,48,,51,,45,,39,,49,,59,,40,,24,,45,,58,,44,,38,,48,,53,,45,,43,,36,,43,,48,,38,,31,,43,,51,,42,,36,,41,,47,,42,,33,,40,,48,,32,,16,,0,
81,77,,77,,80,,83,,76,,78,,84,,78,,73,,74,,76,,80,,79,,77,,82,,77,,76,,81,,78,,76,,82,,84,,78,,75,,79,,83,,78,,75,,75,,76,,77,,74,,79,,82,,75,,71,,70,,73,,78,,74,,77,,74,,78,,75,,70,,74,,77,,79,,77,,77,,75,,76,,75,,72,,73,,73,,76,,80,,82,,83,,82,,72,,75,,78,,76,,79,,78,,80,,78,,76,,81,,77,,76,,76,,77,,80,,80,,78,,76,,75,,75,,77,,75,,77,,78,,78,,79,,75,,75,,74,,76,,71,,74,,79,,74,,75,,75,,73,,74,,77,,86,,84,,83,,75,,80,,82,,76,,74,,72,,76,,79,,78,,75,,75,,74,,78,,76,,73,,74,,73,,70,,69,,73,,73,,71,,71,,74,,76,,75,,68,,70,,77,,72,,69,,72,,77,,79,,76,,72,,75,,73,,71,,71,,82,,79,,76,,72,,81,,77,,69,,69,,71,,66,,71,,74,,81,,75,,81,,81,,80,,78,,79,,72,,67,,65,,69,,67,,65,,72,,75,,77,,77,,72,,69,,76,,77,,74,,76,,77,,78,,76,,83,,78,,73,,77,,74,,66,,68,,66,,68,,67,,67,,68,,73,,77,,74,,71,,66,,67,,70,,72,,70,,69,,64,,70,,85,,81,,85,,79,,74,,68,,67,,68,,67,,69,,65,,61,,64,,78,,85,,84,,77,,62,,70,,71,,75,,72,,73,,74,,71,,76,,75,,73,,72,,82,,77,,78,,79,,73,,68,,66,,66,,75,,78,,75,,73,,70,,59,,59,,65,,64,,69,,69,,78,,80,,78,,73,,59,,62,,68,,65,,71,,73,,71,,78,,78,,71,,76,,73,,74,,78,,69,,72,,78,,76,,77,,77,,77,,78,,82,,81,,72,,73,,65,,68,,64,,74,,77,,85,,86,,78,,79,,72,,72,,74,,67,,65,,70,,69,,68,,71,,73,,74,,73,,72,,70,,75,,83,,81,,76,,76,,72,,74,,72,,74,,70,,67,,67,,66,,67,,63,,61,,60,,59,,65,,66,,78,,79,,69,,73,,67,,63,,68,,65,,63,,64,,69,,74,,79,,72,,64,,71,,64,,66,,70,,69,,76,,80,,72,,73,,80,,75,,67,,64,,62,,62,,62,,68,,68,,73,,74,,71,,71,,79,,67,,64,,67,,68,,71,,68,,67,,71,,74,,73,,67,,63,,71,,68,,62,,57,,63,,60,,55,,57,,59,,63,,56,,50,,48,,51,,55,,50,,48,,51,,55,,50,,48,,51,,56,,58,,50,,54,,56,,58,,50,,54,,56,,58,,50,,54,,56,,58,,50,,54,,56,,58,,50,,54,,56,,58,,50,,54,,56,,58,,66,,66,,54,,50,,56,,55,,53,,52,,52,,48,,53,,55,,52,,52,,60,,57,,48,,43,,45,,48,,56,,54,,49,,49,,51,,46,,32,,35,,38,,35,,32,,35,,38,,35,,39,,42,,38,,44,,60,,53,,30,,21,,26,,34,,30,,21,,26,,47,,38,,23,,31,,39,,33,,20,,25,,30,,25,,20,,25,,25,,41,,39,,31,,37,,50,,42,,28,,30,,31,,30,,28,,30,,31,,30,,28,,30,,31,,30,,28,,30,,31,,30,,28,,30,,31,,30,,28,,30,,31,,47,,43,,55,,76,,57,,40,,45,,49,,48,,44,,34,,37,,50,,42,,27,,24,,38,,48,,55,,45,,32,,18,,14,,36,,39,,29,,35,,46,,37,,17,,12,,17,,31,,28,,39,,45,,29,,19,,7,,19,,32,,29,,39,,44,,31,,20,,7,,17,,38,,50,,37,,32,,41,,44,,38,,36,,44,,52,,55,,44,,39,,51,,58,,49,,43,,48,,53,,47,,39,,50,,62,,40,,24,,16,,0,
88,88,,84,,84,,83,,84,,87,,87,,90,,87,,86,,85,,86,,87,,83,,87,,87,,88,,86,,84,,81,,85,,89,,86,,86,,87,,88,,83,,80,,81,,80,,78,,84,,87,,89,,88,,87,,86,,85,,86,,84,,85,,84,,84,,85,,86,,87,,84,,84,,88,,89,,84,,80,,86,,91,,79,,80,,87,,86,,79,,78,,84,,85,,78,,78,,78,,77,,78,,83,,80,,85,,86,,85,,83,,76,,77,,71,,76,,78,,75,,77,,75,,72,,75,,73,,75,,74,,72,,76,,76,,72,,75,,72,,79,,84,,75,,71,,83,,82,,75,,82,,79,,76,,75,,75,,79,,76,,74,,80,,77,,79,,72,,75,,80,,84,,83,,75,,77,,75,,78,,74,,73,,74,,77,,81,,81,,78,,76,,74,,74,,81,,75,,75,,74,,72,,75,,77,,83,,82,,79,,76,,76,,76,,73,,75,,74,,77,,80,,79,,78,,76,,73,,71,,76,,77,,71,,73,,76,,79,,73,,69,,73,,79,,76,,70,,75,,79,,72,,68,,66,,72,,81,,79,,75,,75,,74,,75,,70,,72,,82,,83,,71,,71,,77,,69,,64,,70,,69,,67,,68,,69,,69,,71,,82,,75,,77,,79,,74,,66,,68,,66,,71,,73,,67,,74,,71,,79,,81,,79,,84,,86,,75,,85,,80,,78,,76,,82,,86,,84,,83,,73,,75,,67,,64,,64,,68,,61,,61,,73,,69,,71,,73,,72,,70,,70,,69,,72,,71,,71,,69,,70,,76,,68,,76,,74,,75,,75,,79,,80,,82,,80,,76,,77,,81,,83,,81,,79,,80,,78,,79,,72,,75,,72,,76,,77,,79,,75,,72,,74,,71,,74,,69,,70,,73,,64,,62,,72,,71,,75,,79,,62,,63,,58,,58,,62,,68,,61,,65,,60,,72,,76,,73,,76,,76,,76,,74,,78,,79,,74,,77,,73,,78,,80,,73,,71,,62,,69,,76,,77,,79,,75,,82,,80,,76,,73,,74,,73,,73,,80,,79,,83,,82,,77,,78,,65,,58,,65,,73,,70,,68,,74,,75,,76,,81,,83,,81,,80,,77,,80,,76,,75,,69,,69,,71,,74,,68,,69,,68,,69,,70,,80,,83,,80,,78,,76,,74,,70,,61,,69,,70,,67,,71,,70,,73,,79,,79,,74,,72,,76,,74,,70,,71,,84,,76,,69,,73,,66,,71,,71,,67,,70,,72,,65,,70,,70,,61,,67,,71,,75,,71,,73,,76,,75,,71,,77,,65,,66,,61,,62,,66,,68,,75,,76,,71,,72,,75,,68,,70,,68,,79,,76,,79,,82,,88,,79,,77,,71,,65,,65,,70,,70,,65,,65,,64,,60,,62,,64,,65,,65,,60,,55,,53,,55,,60,,55,,53,,55,,56,,61,,60,,59,,56,,61,,60,,59,,56,,61,,60,,59,,56,,61,,60,,59,,56,,61,,60,,59,,56,,61,,60,,59,,56,,61,,70,,68,,54,,55,,51,,50,,57,,60,,50,,49,,55,,52,,43,,48,,48,,49,,37,,33,,30,,31,,33,,39,,38,,34,,42,,51,,45,,29,,32,,29,,26,,32,,43,,42,,31,,31,,39,,38,,29,,33,,31,,33,,29,,33,,48,,44,,28,,31,,35,,31,,18,,18,,20,,18,,20,,18,,20,,18,,20,,18,,20,,18,,20,,18,,20,,18,,20,,18,,20,,18,,20,,18,,20,,18,,20,,18,,20,,18,,20,,18,,20,,18,,38,,37,,52,,65,,42,,30,,35,,36,,43,,42,,32,,32,,52,,43,,22,,22,,22,,32,,43,,47,,32,,29,,14,,15,,14,,34,,35,,30,,36,,45,,39,,20,,11,,20,,31,,26,,39,,45,,35,,21,,7,,18,,30,,26,,38,,45,,36,,21,,10,,25,,39,,29,,22,,28,,31,,27,,25,,36,,44,,53,,58,,47,,40,,53,,62,,50,,44,,36,,41,,47,,42,,33,,40,,48,,32,,16,,0,
80,84,,81,,77,,80,,82,,78,,78,,82,,82,,76,,78,,80,,85,,79,,73,,79,,85,,80,,76,,81,,82,,77,,74,,79,,77,,80,,83,,80,,75,,79,,84,,79,,77,,76,,79,,76,,76,,77,,81,,77,,77,,77,,74,,76,,76,,78,,75,,76,,81,,76,,72,,76,,75,,75,,72,,74,,78,,73,,73,,75,,76,,75,,72,,72,,79,,76,,73,,78,,83,,80,,76,,81,,81,,78,,74,,78,,82,,75,,70,,77,,79,,71,,69,,74,,83,,81,,84,,85,,80,,81,,75,,74,,76,,79,,81,,78,,76,,76,,80,,72,,74,,77,,75,,74,,79,,80,,76,,70,,74,,75,,71,,70,,76,,77,,78,,71,,76,,76,,70,,69,,74,,78,,71,,66,,65,,69,,76,,69,,66,,71,,76,,72,,73,,80,,74,,71,,68,,70,,67,,72,,75,,74,,74,,71,,67,,65,,69,,72,,79,,81,,70,,69,,74,,72,,77,,73,,73,,78,,74,,76,,73,,74,,69,,69,,72,,75,,68,,63,,74,,73,,66,,66,,72,,75,,69,,66,,74,,74,,76,,73,,75,,77,,73,,78,,75,,75,,81,,78,,74,,77,,80,,84,,78,,79,,75,,69,,75,,78,,71,,72,,82,,77,,74,,68,,72,,75,,71,,73,,81,,78,,74,,74,,83,,81,,78,,75,,79,,75,,78,,81,,80,,75,,76,,77,,76,,73,,76,,77,,75,,78,,78,,77,,76,,82,,80,,85,,83,,75,,72,,74,,69,,74,,72,,68,,72,,71,,74,,65,,69,,70,,65,,64,,61,,61,,63,,66,,69,,73,,70,,73,,74,,74,,70,,67,,66,,69,,73,,76,,72,,66,,68,,65,,68,,73,,71,,65,,74,,70,,76,,83,,75,,69,,69,,70,,73,,78,,77,,77,,76,,76,,76,,81,,81,,85,,80,,70,,68,,72,,66,,72,,73,,73,,79,,84,,82,,80,,83,,80,,77,,71,,76,,74,,74,,70,,67,,71,,75,,85,,82,,81,,81,,78,,70,,65,,63,,62,,66,,64,,73,,68,,66,,64,,73,,74,,65,,71,,73,,66,,66,,76,,72,,73,,71,,73,,73,,71,,69,,69,,76,,83,,85,,80,,80,,91,,87,,81,,81,,83,,76,,72,,77,,83,,81,,78,,80,,77,,73,,79,,79,,71,,79,,81,,78,,74,,76,,79,,72,,80,,80,,80,,79,,78,,78,,69,,79,,74,,74,,72,,71,,70,,68,,78,,79,,83,,75,,80,,83,,73,,85,,82,,79,,75,,73,,76,,64,,61,,71,,82,,77,,76,,79,,68,,74,,75,,70,,80,,75,,78,,77,,77,,81,,78,,69,,72,,81,,80,,78,,83,,73,,76,,73,,74,,70,,77,,76,,72,,73,,72,,77,,79,,75,,79,,78,,80,,82,,78,,79,,71,,72,,76,,72,,72,,74,,72,,65,,65,,69,,75,,66,,64,,66,,65,,64,,63,,66,,65,,64,,54,,50,,50,,48,,54,,50,,50,,48,,54,,50,,50,,48,,54,,50,,50,,48,,54,,50,,50,,48,,54,,50,,50,,48,,54,,50,,50,,48,,54,,50,,50,,50,,52,,50,,48,,50,,54,,45,,34,,43,,50,,49,,51,,50,,48,,48,,47,,45,,44,,39,,44,,51,,47,,40,,41,,47,,43,,40,,40,,44,,40,,42,,50,,54,,48,,33,,33,,42,,35,,33,,33,,42,,35,,33,,41,,41,,41,,41,,50,,44,,33,,39,,35,,35,,49,,47,,35,,37,,35,,32,,30,,28,,30,,32,,33,,34,,35,,46,,47,,30,,31,,28,,26,,31,,39,,41,,32,,31,,37,,34,,24,,24,,22,,22,,24,,24,,22,,22,,24,,24,,22,,22,,24,,24,,22,,22,,24,,24,,22,,22,,24,,24,,22,,22,,24,,24,,22,,22,,40,,40,,52,,74,,60,,40,,42,,42,,44,,44,,28,,26,,44,,32,,14,,20,,31,,30,,42,,46,,37,,27,,14,,30,,44,,33,,26,,33,,36,,31,,29,,38,,47,,51,,41,,35,,46,,54,,44,,38,,44,,48,,51,,45,,39,,49,,59,,40,,24,,45,,58,,44,,38,,48,,53,,45,,43,,36,,43,,48,,38,,31,,43,,51,,42,,36,,41,,47,,42,,33,,40,,48,,32,,16,,0,
86,82,,76,,79,,80,,80,,82,,86,,82,,81,,84,,82,,81,,81,,81,,85,,80,,80,,88,,86,,85,,85,,82,,84,,81,,82,,77,,76,,82,,82,,86,,87,,85,,84,,87,,86,,87,,85,,84,,89,,88,,86,,88,,80,,81,,82,,83,,87,,84,,82,,82,,87,,79,,77,,82,,86,,90,,88,,83,,86,,79,,73,,81,,75,,70,,79,,82,,84,,78,,79,,84,,84,,81,,77,,81,,82,,78,,72,,72,,73,,72,,73,,78,,79,,76,,76,,74,,74,,78,,74,,70,,77,,83,,81,,73,,74,,72,,71,,73,,78,,76,,71,,73,,72,,77,,69,,67,,72,,69,,69,,73,,77,,74,,72,,73,,77,,71,,69,,69,,72,,73,,72,,74,,75,,75,,66,,68,,68,,70,,72,,74,,72,,71,,74,,75,,68,,67,,71,,72,,72,,71,,69,,72,,70,,74,,73,,74,,73,,71,,75,,75,,74,,75,,73,,70,,71,,66,,65,,79,,75,,75,,76,,62,,62,,64,,65,,73,,76,,77,,82,,82,,76,,81,,81,,75,,71,,71,,69,,71,,70,,73,,71,,76,,75,,80,,83,,77,,71,,71,,68,,72,,72,,67,,71,,70,,80,,77,,77,,75,,78,,78,,75,,76,,72,,73,,67,,71,,75,,72,,70,,72,,68,,74,,71,,72,,78,,77,,77,,79,,79,,79,,84,,85,,84,,84,,80,,78,,80,,78,,83,,75,,77,,75,,69,,72,,81,,83,,82,,76,,72,,65,,68,,68,,77,,76,,75,,72,,70,,73,,79,,76,,74,,80,,79,,73,,76,,81,,78,,77,,77,,81,,74,,78,,84,,79,,80,,80,,75,,74,,69,,67,,74,,72,,65,,70,,67,,63,,67,,62,,60,,59,,56,,57,,62,,71,,74,,76,,75,,78,,72,,71,,76,,67,,70,,72,,73,,76,,73,,69,,78,,76,,74,,75,,76,,78,,73,,68,,76,,71,,81,,83,,82,,75,,69,,76,,75,,70,,66,,65,,67,,58,,64,,57,,64,,74,,68,,57,,67,,71,,68,,66,,77,,75,,75,,75,,66,,69,,73,,69,,71,,74,,72,,69,,66,,73,,72,,70,,77,,77,,77,,80,,82,,85,,77,,73,,72,,65,,72,,77,,74,,70,,71,,72,,79,,73,,74,,73,,75,,76,,76,,76,,73,,66,,68,,75,,71,,66,,68,,64,,63,,67,,71,,69,,75,,70,,73,,82,,88,,83,,79,,77,,77,,82,,81,,75,,70,,66,,62,,57,,67,,64,,63,,64,,58,,65,,66,,65,,64,,65,,66,,65,,64,,65,,66,,65,,64,,72,,67,,55,,55,,57,,54,,55,,55,,57,,54,,55,,55,,57,,54,,55,,55,,57,,54,,55,,55,,57,,54,,55,,55,,57,,54,,55,,55,,55,,55,,51,,52,,58,,59,,52,,66,,70,,59,,64,,59,,49,,53,,44,,38,,49,,53,,49,,52,,55,,51,,39,,35,,41,,47,,37,,43,,47,,43,,30,,29,,17,,22,,30,,29,,17,,22,,30,,38,,32,,26,,32,,43,,40,,24,,24,,24,,26,,24,,24,,24,,26,,24,,24,,24,,26,,24,,24,,24,,26,,24,,24,,24,,26,,24,,24,,24,,26,,24,,24,,24,,26,,24,,24,,24,,26,,24,,24,,26,,37,,42,,44,,38,,26,,15,,19,,15,,19,,40,,44,,37,,44,,47,,28,,8,,20,,34,,30,,40,,44,,33,,21,,7,,23,,35,,25,,20,,25,,27,,28,,26,,29,,35,,28,,20,,29,,36,,28,,22,,35,,44,,36,,41,,47,,42,,33,,40,,48,,32,,16,,0,
76,80,,81,,83,,78,,76,,84,,77,,75,,75,,78,,72,,72,,78,,83,,79,,76,,76,,75,,76,,79,,82,,80,,78,,77,,81,,80,,77,,84,,84,,81,,80,,79,,83,,79,,78,,82,,72,,66,,77,,84,,85,,80,,84,,87,,85,,85,,90,,83,,77,,81,,82,,89,,87,,84,,77,,75,,81,,81,,72,,74,,87,,83,,76,,76,,78,,81,,81,,78,,85,,80,,74,,76,,80,,84,,78,,77,,83,,82,,73,,70,,78,,82,,71,,74,,85,,75,,79,,74,,71,,82,,76,,69,,73,,76,,77,,70,,75,,78,,74,,73,,71,,71,,73,,71,,70,,73,,67,,70,,78,,72,,74,,70,,74,,81,,73,,70,,73,,75,,75,,72,,68,,67,,74,,71,,70,,69,,64,,74,,76,,70,,77,,71,,73,,76,,70,,74,,76,,72,,70,,73,,75,,76,,76,,72,,77,,76,,70,,73,,70,,76,,77,,70,,71,,69,,71,,72,,69,,66,,65,,64,,67,,66,,64,,75,,73,,74,,74,,67,,67,,65,,69,,68,,72,,71,,71,,69,,71,,74,,72,,71,,76,,74,,73,,77,,71,,67,,61,,73,,73,,74,,73,,75,,79,,72,,71,,76,,66,,73,,80,,70,,69,,68,,67,,67,,73,,70,,70,,69,,66,,69,,65,,66,,65,,61,,67,,68,,75,,75,,66,,70,,67,,66,,70,,66,,66,,70,,65,,68,,72,,73,,73,,65,,64,,62,,63,,65,,68,,67,,71,,74,,73,,79,,77,,79,,81,,81,,76,,74,,73,,70,,72,,77,,80,,76,,74,,73,,67,,67,,74,,75,,74,,75,,76,,74,,77,,77,,72,,74,,75,,71,,74,,71,,79,,81,,73,,70,,71,,76,,75,,73,,73,,71,,71,,77,,83,,79,,74,,76,,72,,72,,74,,78,,79,,81,,76,,77,,75,,75,,81,,72,,73,,75,,70,,69,,71,,63,,75,,82,,70,,70,,74,,69,,73,,77,,70,,75,,73,,75,,78,,75,,82,,71,,61,,69,,66,,69,,67,,68,,71,,73,,67,,64,,63,,54,,54,,64,,68,,80,,78,,69,,70,,70,,63,,66,,61,,59,,65,,69,,69,,75,,72,,64,,71,,72,,77,,79,,73,,71,,67,,64,,61,,63,,62,,58,,65,,70,,65,,67,,69,,69,,66,,62,,63,,75,,78,,79,,72,,70,,76,,69,,64,,69,,76,,83,,85,,75,,73,,75,,71,,76,,76,,71,,63,,69,,76,,71,,63,,69,,66,,72,,68,,61,,60,,52,,48,,48,,48,,48,,48,,48,,48,,48,,48,,48,,48,,48,,48,,48,,48,,48,,48,,48,,48,,48,,48,,48,,48,,48,,48,,48,,48,,48,,48,,48,,48,,57,,58,,50,,48,,52,,56,,52,,57,,56,,52,,55,,46,,44,,52,,56,,47,,58,,55,,48,,46,,52,,55,,42,,42,,50,,50,,43,,51,,60,,50,,44,,45,,42,,53,,57,,50,,58,,60,,51,,43,,43,,43,,44,,43,,48,,47,,43,,48,,45,,41,,33,,38,,35,,34,,33,,38,,40,,41,,36,,38,,45,,46,,36,,32,,32,,32,,36,,32,,32,,43,,42,,33,,38,,44,,40,,28,,28,,27,,25,,28,,28,,27,,25,,28,,28,,27,,25,,28,,28,,27,,25,,28,,28,,27,,25,,28,,28,,27,,25,,28,,28,,27,,25,,28,,44,,41,,57,,74,,54,,39,,42,,45,,45,,42,,34,,35,,55,,45,,24,,25,,35,,41,,46,,38,,25,,15,,20,,31,,31,,42,,46,,35,,27,,14,,30,,42,,32,,27,,32,,34,,35,,33,,36,,42,,35,,27,,36,,43,,35,,29,,40,,41,,45,,40,,33,,43,,52,,33,,17,,38,,50,,37,,32,,40,,44,,38,,36,,44,,53,,58,,47,,40,,53,,62,,50,,44,,36,,41,,47,,42,,33,,40,,48,,32,,16,,0,
86,84,,77,,84,,89,,85,,82,,79,,81,,80,,82,,78,,79,,77,,78,,79,,79,,82,,84,,80,,80,,81,,79,,79,,81,,80,,75,,75,,79,,81,,81,,81,,81,,81,,82,,82,,81,,79,,73,,74,,78,,83,,81,,81,,83,,81,,81,,83,,84,,85,,76,,79,,81,,87,,86,,82,,82,,84,,81,,79,,81,,83,,79,,80,,85,,86,,83,,76,,77,,77,,78,,78,,78,,75,,75,,73,,76,,77,,81,,76,,75,,78,,76,,74,,78,,76,,79,,75,,75,,75,,77,,77,,73,,74,,77,,74,,82,,73,,74,,82,,84,,83,,77,,76,,75,,71,,72,,69,,70,,71,,77,,77,,73,,72,,81,,80,,74,,73,,71,,76,,73,,74,,73,,76,,71,,65,,65,,72,,72,,70,,71,,69,,74,,78,,70,,67,,73,,75,,71,,68,,73,,74,,78,,77,,74,,75,,78,,75,,70,,73,,70,,74,,73,,70,,72,,74,,70,,66,,69,,72,,72,,80,,81,,78,,78,,79,,77,,73,,73,,74,,84,,83,,75,,80,,78,,76,,71,,72,,73,,71,,75,,74,,71,,74,,67,,75,,72,,74,,73,,74,,75,,73,,72,,80,,76,,73,,73,,70,,66,,66,,70,,70,,72,,72,,75,,78,,72,,74,,69,,73,,74,,69,,64,,65,,69,,71,,77,,79,,81,,77,,71,,64,,64,,71,,74,,71,,75,,74,,75,,73,,67,,69,,71,,77,,77,,80,,78,,77,,78,,69,,73,,73,,76,,72,,70,,68,,75,,83,,81,,81,,79,,71,,73,,81,,77,,75,,74,,77,,69,,65,,67,,61,,68,,71,,73,,70,,68,,72,,69,,77,,76,,73,,64,,61,,64,,72,,69,,64,,67,,60,,63,,62,,68,,66,,77,,74,,77,,75,,68,,68,,69,,74,,77,,71,,64,,69,,74,,82,,81,,75,,78,,69,,74,,73,,68,,73,,79,,78,,74,,76,,82,,80,,76,,82,,83,,82,,85,,81,,76,,75,,69,,74,,78,,74,,75,,76,,80,,76,,76,,77,,72,,72,,72,,74,,74,,70,,68,,72,,79,,78,,73,,73,,60,,73,,70,,76,,78,,89,,84,,82,,90,,88,,83,,88,,87,,81,,87,,80,,75,,78,,72,,72,,73,,81,,79,,82,,82,,75,,73,,76,,78,,79,,72,,76,,74,,71,,70,,75,,70,,68,,70,,68,,61,,57,,63,,71,,77,,70,,73,,63,,66,,62,,64,,60,,60,,63,,70,,76,,70,,63,,70,,66,,64,,62,,64,,63,,61,,62,,64,,63,,61,,62,,64,,63,,61,,66,,62,,53,,67,,64,,48,,44,,44,,43,,48,,44,,44,,43,,48,,44,,44,,43,,48,,44,,44,,43,,48,,44,,44,,43,,48,,44,,44,,43,,48,,44,,55,,60,,57,,63,,62,,57,,62,,64,,55,,49,,52,,58,,54,,46,,44,,45,,52,,49,,47,,48,,48,,42,,34,,34,,44,,38,,34,,34,,39,,40,,40,,40,,48,,51,,40,,37,,40,,50,,48,,49,,55,,55,,49,,42,,41,,41,,47,,43,,38,,47,,47,,36,,35,,38,,36,,36,,37,,41,,54,,50,,34,,34,,39,,36,,34,,34,,39,,51,,44,,30,,32,,38,,35,,19,,22,,21,,16,,19,,22,,21,,16,,19,,22,,21,,16,,19,,22,,21,,16,,19,,22,,21,,16,,19,,22,,21,,16,,19,,22,,21,,16,,19,,22,,21,,22,,21,,35,,40,,48,,40,,27,,17,,19,,18,,17,,36,,40,,33,,33,,42,,42,,19,,12,,17,,29,,30,,42,,45,,36,,25,,14,,20,,31,,30,,42,,46,,37,,27,,14,,30,,44,,33,,26,,33,,36,,31,,29,,38,,47,,51,,41,,35,,46,,54,,44,,38,,44,,48,,51,,45,,39,,49,,59,,40,,24,,45,,58,,44,,38,,48,,53,,45,,43,,36,,43,,48,,38,,31,,43,,51,,42,,36,,41,,47,,42,,33,,40,,48,,32,,16,,0,
79,78,,80,,80,,76,,81,,78,,75,,77,,73,,74,,83,,78,,72,,72,,73,,77,,75,,78,,81,,82,,75,,79,,80,,78,,75,,71,,67,,72,,73,,78,,78,,70,,74,,71,,72,,79,,83,,79,,77,,76,,74,,77,,72,,78,,78,,77,,81,,74,,73,,76,,72,,79,,78,,76,,79,,74,,73,,73,,74,,81,,80,,79,,79,,77,,80,,79,,75,,74,,79,,81,,75,,80,,80,,80,,75,,74,,75,,79,,79,,80,,83,,82,,82,,79,,74,,78,,80,,77,,78,,81,,75,,74,,75,,78,,78,,78,,75,,78,,73,,70,,74,,78,,76,,72,,79,,79,,80,,74,,73,,77,,74,,79,,79,,78,,78,,75,,75,,75,,72,,78,,67,,75,,75,,67,,72,,76,,76,,71,,65,,73,,75,,75,,76,,79,,80,,73,,69,,71,,74,,72,,75,,73,,71,,75,,76,,70,,73,,77,,80,,73,,75,,73,,74,,77,,74,,78,,77,,78,,78,,76,,74,,69,,72,,78,,77,,72,,70,,75,,80,,75,,70,,76,,68,,69,,76,,73,,71,,73,,78,,74,,68,,67,,67,,65,,67,,70,,77,,73,,69,,72,,69,,66,,68,,68,,61,,59,,65,,76,,73,,69,,73,,61,,60,,64,,60,,64,,68,,67,,68,,70,,73,,70,,72,,65,,67,,69,,69,,77,,74,,80,,78,,74,,69,,63,,65,,61,,59,,60,,61,,72,,66,,65,,68,,71,,73,,69,,71,,75,,77,,80,,79,,71,,73,,68,,71,,69,,69,,74,,70,,76,,82,,83,,79,,73,,69,,68,,67,,68,,66,,64,,63,,65,,73,,66,,76,,81,,74,,71,,63,,63,,66,,60,,65,,68,,72,,72,,69,,61,,66,,69,,65,,71,,68,,64,,67,,60,,67,,69,,65,,67,,67,,70,,71,,71,,70,,75,,74,,68,,70,,70,,70,,73,,75,,79,,83,,82,,77,,75,,73,,75,,77,,69,,76,,75,,72,,72,,77,,74,,71,,75,,78,,77,,71,,71,,77,,83,,72,,73,,65,,75,,68,,65,,67,,71,,74,,71,,70,,67,,68,,71,,73,,72,,73,,76,,66,,66,,71,,83,,85,,84,,83,,68,,67,,75,,73,,83,,80,,83,,84,,72,,77,,71,,75,,75,,79,,76,,70,,70,,72,,75,,73,,73,,73,,75,,77,,80,,73,,67,,67,,73,,71,,67,,66,,60,,57,,66,,69,,58,,56,,64,,69,,58,,56,,54,,59,,65,,55,,54,,59,,65,,55,,54,,59,,65,,55,,54,,59,,65,,55,,54,,59,,65,,55,,54,,59,,65,,55,,54,,59,,65,,55,,54,,59,,65,,55,,54,,55,,58,,56,,49,,61,,58,,47,,48,,43,,39,,47,,53,,47,,42,,49,,47,,38,,39,,38,,38,,48,,42,,37,,43,,48,,46,,31,,32,,30,,30,,31,,32,,30,,41,,46,,33,,35,,38,,34,,24,,25,,24,,23,,24,,25,,23,,39,,39,,30,,34,,51,,49,,30,,28,,26,,32,,30,,28,,26,,32,,30,,28,,32,,39,,34,,25,,35,,44,,31,,14,,19,,22,,17,,14,,19,,22,,17,,14,,19,,22,,17,,14,,19,,22,,17,,14,,19,,22,,17,,22,,19,,14,,35,,38,,31,,42,,45,,36,,16,,8,,16,,28,,25,,40,,46,,32,,21,,9,,19,,31,,29,,39,,46,,31,,17,,8,,27,,41,,27,,20,,30,,33,,25,,23,,39,,44,,48,,38,,32,,44,,50,,41,,35,,40,,44,,39,,32,,41,,52,,32,,16,,24,,16,,0,
79,81,,83,,83,,77,,76,,82,,78,,81,,82,,83,,82,,80,,80,,82,,77,,82,,78,,86,,79,,80,,87,,84,,80,,76,,78,,79,,79,,76,,76,,78,,78,,73,,74,,75,,76,,80,,79,,85,,83,,73,,73,,70,,71,,79,,79,,73,,73,,77,,74,,69,,74,,75,,70,,71,,78,,81,,73,,66,,74,,77,,77,,79,,80,,76,,73,,71,,72,,74,,68,,73,,77,,74,,69,,64,,67,,78,,83,,80,,78,,74,,77,,73,,72,,75,,76,,74,,76,,78,,78,,75,,73,,76,,79,,78,,81,,80,,82,,82,,70,,74,,76,,80,,83,,81,,77,,78,,75,,72,,74,,67,,67,,76,,78,,75,,71,,69,,61,,58,,64,,63,,62,,63,,63,,60,,74,,71,,68,,67,,65,,53,,63,,63,,67,,69,,66,,75,,79,,80,,70,,69,,79,,73,,79,,73,,69,,72,,69,,67,,71,,75,,77,,81,,80,,73,,69,,75,,69,,67,,62,,58,,59,,65,,71,,72,,74,,74,,83,,80,,82,,83,,83,,84,,87,,80,,76,,77,,80,,82,,77,,71,,72,,75,,78,,80,,78,,76,,74,,72,,78,,83,,75,,71,,73,,72,,82,,83,,91,,88,,76,,73,,64,,70,,64,,62,,61,,64,,77,,82,,77,,77,,70,,65,,65,,66,,70,,67,,59,,61,,54,,58,,59,,68,,65,,67,,70,,70,,73,,75,,74,,73,,75,,68,,64,,62,,68,,70,,65,,72,,70,,61,,68,,74,,75,,74,,77,,76,,74,,69,,68,,72,,74,,72,,70,,73,,73,,74,,71,,65,,63,,61,,58,,58,,68,,70,,68,,72,,73,,75,,76,,75,,76,,71,,68,,69,,75,,81,,71,,70,,74,,76,,73,,69,,75,,75,,78,,74,,88,,83,,82,,84,,79,,73,,68,,69,,74,,74,,69,,78,,74,,76,,67,,63,,74,,73,,72,,68,,60,,62,,64,,59,,63,,63,,62,,66,,64,,67,,66,,64,,64,,62,,65,,72,,77,,75,,72,,69,,66,,62,,63,,62,,58,,58,,65,,74,,83,,90,,88,,87,,86,,83,,83,,86,,79,,75,,84,,81,,78,,73,,70,,68,,74,,72,,68,,71,,78,,82,,81,,78,,74,,67,,73,,77,,73,,71,,68,,77,,83,,78,,71,,73,,76,,76,,75,,72,,68,,66,,64,,64,,61,,66,,71,,68,,63,,71,,65,,58,,63,,71,,65,,58,,63,,71,,65,,63,,58,,56,,50,,52,,56,,56,,50,,52,,56,,56,,50,,52,,56,,56,,50,,52,,56,,56,,50,,52,,56,,56,,50,,52,,56,,56,,50,,56,,58,,58,,58,,55,,46,,45,,45,,50,,51,,39,,50,,55,,43,,41,,52,,52,,36,,47,,42,,30,,32,,42,,38,,29,,36,,42,,29,,12,,24,,30,,22,,12,,24,,30,,22,,12,,24,,30,,22,,38,,45,,31,,30,,39,,39,,30,,25,,25,,46,,44,,29,,31,,37,,33,,22,,29,,32,,25,,22,,29,,32,,25,,22,,29,,32,,25,,22,,29,,32,,25,,22,,29,,32,,25,,22,,29,,32,,25,,22,,29,,32,,25,,22,,29,,32,,50,,40,,56,,64,,44,,32,,38,,48,,54,,44,,36,,46,,62,,54,,36,,31,,26,,32,,40,,43,,32,,32,,20,,20,,20,,17,,20,,20,,35,,41,,38,,41,,43,,35,,19,,10,,19,,31,,28,,38,,44,,34,,20,,9,,19,,31,,26,,38,,45,,32,,19,,6,,17,,26,,46,,57,,43,,39,,48,,51,,46,,44,,53,,58,,47,,40,,53,,62,,50,,44,,36,,41,,47,,42,,33,,40,,48,,32,,16,,0,
88,91,,83,,84,,78,,79,,86,,84,,86,,87,,80,,80,,79,,80,,88,,86,,88,,86,,87,,86,,80,,83,,85,,86,,86,,84,,82,,83,,82,,84,,84,,84,,87,,86,,86,,83,,76,,77,,81,,85,,86,,83,,87,,84,,83,,86,,75,,76,,81,,80,,85,,82,,81,,83,,82,,83,,82,,79,,81,,84,,81,,81,,80,,76,,80,,80,,80,,84,,80,,75,,72,,82,,82,,76,,78,,82,,78,,78,,80,,81,,81,,79,,76,,80,,74,,75,,72,,73,,81,,80,,77,,79,,77,,78,,76,,70,,73,,82,,84,,77,,75,,82,,78,,75,,77,,79,,74,,71,,76,,79,,74,,78,,82,,76,,69,,76,,80,,75,,73,,76,,80,,75,,65,,76,,81,,71,,75,,76,,78,,74,,70,,76,,78,,74,,74,,74,,74,,76,,74,,75,,79,,73,,65,,70,,78,,70,,69,,72,,68,,71,,73,,79,,76,,71,,66,,71,,83,,78,,77,,77,,76,,69,,71,,76,,76,,76,,77,,72,,74,,81,,72,,73,,71,,65,,61,,65,,64,,70,,70,,79,,77,,77,,79,,71,,70,,66,,62,,63,,66,,63,,63,,62,,61,,70,,68,,76,,73,,62,,66,,65,,56,,55,,62,,67,,69,,75,,70,,62,,61,,60,,61,,67,,68,,62,,59,,62,,65,,74,,76,,82,,76,,79,,86,,82,,82,,79,,75,,78,,74,,67,,67,,65,,73,,75,,80,,80,,74,,76,,69,,68,,69,,75,,69,,64,,69,,72,,75,,66,,65,,73,,72,,78,,78,,67,,71,,67,,68,,70,,66,,69,,69,,67,,71,,70,,81,,79,,77,,75,,61,,72,,72,,69,,67,,75,,77,,77,,82,,81,,74,,83,,81,,83,,81,,69,,77,,71,,73,,75,,75,,76,,68,,68,,61,,72,,67,,59,,62,,62,,60,,69,,69,,70,,73,,85,,83,,83,,80,,73,,76,,74,,75,,70,,72,,79,,81,,77,,75,,62,,71,,73,,75,,69,,71,,73,,72,,66,,75,,77,,74,,77,,65,,72,,67,,65,,67,,72,,75,,72,,66,,71,,65,,75,,76,,76,,76,,76,,83,,82,,85,,79,,79,,87,,84,,77,,77,,74,,70,,68,,69,,71,,73,,72,,79,,76,,75,,75,,74,,71,,69,,64,,70,,87,,81,,70,,72,,68,,70,,71,,66,,80,,78,,82,,84,,84,,81,,79,,69,,71,,66,,73,,71,,67,,62,,64,,63,,56,,64,,59,,64,,61,,52,,59,,64,,61,,52,,59,,64,,61,,68,,70,,58,,48,,57,,57,,58,,48,,57,,57,,58,,48,,57,,57,,58,,48,,57,,57,,58,,48,,57,,57,,58,,48,,57,,57,,58,,48,,49,,54,,58,,60,,64,,60,,47,,46,,48,,52,,51,,49,,46,,49,,48,,51,,51,,48,,53,,44,,35,,34,,34,,37,,35,,41,,38,,25,,29,,30,,30,,25,,29,,30,,30,,29,,40,,44,,35,,37,,44,,39,,26,,28,,28,,28,,26,,28,,28,,28,,26,,28,,38,,37,,30,,35,,44,,40,,31,,32,,31,,42,,38,,27,,34,,42,,36,,24,,21,,31,,35,,22,,18,,36,,39,,27,,30,,24,,27,,37,,32,,26,,28,,41,,36,,16,,25,,28,,19,,16,,25,,28,,19,,16,,25,,28,,19,,16,,25,,28,,19,,16,,25,,28,,19,,16,,25,,28,,19,,16,,25,,39,,48,,56,,48,,29,,16,,20,,16,,33,,40,,35,,37,,44,,34,,15,,18,,14,,35,,40,,34,,33,,44,,45,,23,,13,,37,,39,,23,,47,,53,,45,,21,,15,,23,,15,,27,,37,,29,,31,,38,,25,,13,,25,,20,,30,,29,,23,,20,,27,,34,,22,,8,,20,,39,,32,,48,,54,,36,,23,,7,,21,,38,,50,,37,,32,,42,,43,,38,,36,,45,,49,,39,,33,,44,,52,,42,,36,,43,,48,,53,,47,,39,,50,,62,,40,,24,,16,,0,
77,79,,81,,77,,78,,85,,77,,75,,73,,79,,85,,81,,79,,80,,80,,77,,82,,80,,74,,76,,82,,81,,84,,85,,82,,80,,81,,80,,76,,79,,82,,82,,79,,77,,81,,77,,82,,83,,83,,81,,82,,77,,75,,80,,82,,80,,81,,77,,81,,82,,82,,79,,74,,78,,81,,77,,73,,77,,82,,81,,80,,81,,78,,75,,75,,82,,86,,82,,80,,83,,80,,74,,75,,81,,82,,78,,75,,78,,77,,73,,73,,79,,86,,82,,78,,82,,80,,73,,76,,78,,83,,78,,71,,77,,76,,73,,80,,76,,72,,75,,85,,83,,86,,83,,72,,74,,77,,86,,81,,80,,81,,83,,79,,75,,77,,72,,78,,75,,81,,80,,81,,82,,78,,80,,77,,74,,82,,81,,66,,69,,73,,75,,78,,73,,80,,82,,81,,81,,72,,74,,79,,75,,79,,78,,79,,77,,71,,75,,77,,77,,73,,76,,69,,74,,78,,71,,71,,77,,76,,74,,71,,70,,72,,73,,71,,70,,71,,72,,81,,80,,76,,77,,78,,77,,75,,74,,77,,85,,73,,65,,77,,83,,78,,73,,74,,76,,76,,76,,79,,74,,78,,79,,76,,78,,81,,78,,79,,75,,73,,78,,76,,78,,81,,81,,72,,69,,77,,79,,75,,73,,75,,77,,73,,78,,77,,74,,75,,71,,63,,69,,73,,69,,75,,70,,69,,79,,75,,74,,75,,74,,68,,72,,75,,71,,69,,69,,73,,75,,70,,71,,77,,81,,83,,83,,73,,69,,66,,60,,65,,78,,80,,81,,81,,71,,66,,62,,69,,69,,67,,77,,70,,77,,77,,65,,60,,59,,63,,64,,66,,66,,77,,75,,66,,75,,75,,76,,77,,70,,60,,63,,68,,76,,79,,73,,73,,74,,71,,76,,73,,78,,76,,71,,71,,67,,66,,62,,65,,62,,66,,64,,65,,71,,70,,76,,74,,71,,69,,76,,75,,78,,68,,68,,74,,72,,65,,71,,73,,76,,78,,74,,74,,75,,76,,75,,78,,76,,81,,70,,61,,57,,59,,54,,66,,71,,77,,75,,82,,82,,75,,72,,70,,71,,75,,66,,61,,66,,65,,81,,79,,74,,79,,61,,66,,65,,59,,66,,67,,70,,71,,77,,74,,77,,80,,82,,79,,85,,85,,77,,81,,78,,74,,72,,72,,73,,72,,73,,71,,74,,73,,70,,69,,72,,77,,77,,84,,85,,73,,80,,76,,72,,67,,74,,79,,74,,77,,79,,78,,76,,78,,72,,74,,73,,73,,77,,74,,73,,74,,73,,76,,78,,81,,75,,83,,80,,81,,75,,69,,69,,69,,76,,78,,78,,80,,80,,71,,71,,72,,77,,73,,70,,71,,75,,67,,69,,69,,67,,71,,65,,76,,75,,73,,78,,78,,71,,71,,60,,67,,70,,62,,60,,60,,60,,58,,56,,62,,57,,59,,56,,57,,56,,53,,59,,57,,56,,53,,59,,57,,56,,53,,58,,55,,49,,52,,47,,49,,49,,52,,47,,49,,49,,52,,47,,49,,49,,52,,47,,49,,49,,52,,47,,49,,49,,52,,47,,49,,49,,52,,54,,52,,55,,53,,46,,44,,49,,50,,47,,45,,45,,49,,43,,43,,55,,55,,39,,46,,49,,38,,43,,52,,53,,44,,38,,40,,50,,40,,33,,41,,53,,44,,33,,36,,42,,37,,33,,37,,45,,40,,40,,43,,48,,45,,43,,45,,43,,48,,49,,41,,42,,41,,41,,33,,32,,33,,36,,33,,32,,33,,36,,33,,32,,46,,43,,36,,42,,46,,41,,34,,36,,36,,35,,34,,36,,36,,35,,34,,36,,44,,43,,29,,37,,34,,30,,25,,26,,25,,25,,25,,26,,25,,25,,25,,26,,25,,25,,25,,26,,25,,25,,25,,26,,25,,25,,25,,36,,40,,50,,43,,31,,15,,14,,18,,39,,44,,38,,37,,48,,41,,19,,15,,21,,33,,32,,43,,46,,33,,23,,11,,20,,32,,32,,42,,46,,32,,20,,11,,26,,40,,30,,23,,29,,32,,28,,26,,35,,44,,48,,38,,32,,43,,51,,41,,35,,44,,36,,41,,47,,42,,33,,40,,48,,32,,16,,0,
83,78,,78,,83,,85,,83,,77,,83,,77,,72,,79,,84,,80,,77,,75,,83,,91,,88,,85,,85,,82,,81,,84,,85,,89,,80,,84,,88,,85,,85,,79,,85,,86,,77,,80,,87,,86,,81,,77,,85,,79,,79,,79,,79,,74,,77,,78,,77,,78,,78,,75,,74,,79,,77,,76,,74,,75,,75,,78,,79,,75,,78,,79,,75,,75,,81,,81,,86,,83,,79,,88,,83,,75,,75,,83,,84,,80,,78,,77,,77,,74,,74,,77,,84,,80,,78,,79,,84,,82,,74,,77,,72,,76,,75,,76,,79,,74,,80,,77,,73,,78,,75,,75,,73,,77,,77,,78,,78,,79,,81,,73,,71,,75,,75,,76,,73,,69,,74,,73,,70,,66,,68,,76,,74,,71,,78,,72,,69,,69,,71,,70,,73,,76,,73,,71,,71,,74,,76,,72,,72,,72,,74,,76,,72,,72,,70,,81,,79,,74,,71,,70,,75,,69,,69,,79,,77,,70,,71,,75,,72,,68,,71,,81,,73,,65,,74,,73,,69,,71,,73,,73,,77,,81,,82,,77,,72,,72,,75,,75,,77,,82,,82,,74,,75,,76,,73,,73,,76,,80,,77,,73,,77,,83,,81,,76,,75,,79,,76,,71,,72,,78,,78,,72,,74,,69,,69,,74,,68,,74,,69,,79,,81,,67,,65,,65,,63,,69,,74,,68,,75,,74,,69,,67,,63,,61,,67,,62,,67,,69,,78,,78,,79,,76,,76,,76,,75,,78,,75,,72,,69,,73,,67,,73,,68,,67,,77,,76,,79,,82,,77,,72,,69,,70,,74,,68,,71,,76,,78,,76,,76,,69,,67,,62,,60,,68,,81,,87,,86,,89,,72,,63,,61,,68,,60,,59,,56,,56,,62,,68,,70,,77,,77,,81,,83,,73,,76,,71,,71,,69,,71,,68,,59,,58,,62,,62,,62,,70,,76,,81,,75,,67,,63,,62,,69,,77,,75,,65,,67,,61,,64,,73,,65,,59,,70,,73,,77,,76,,63,,60,,58,,64,,65,,65,,67,,68,,60,,56,,61,,64,,67,,65,,65,,67,,63,,72,,74,,74,,79,,79,,73,,69,,68,,67,,69,,75,,75,,68,,59,,64,,69,,70,,62,,63,,63,,59,,66,,65,,62,,67,,68,,68,,77,,73,,72,,79,,70,,71,,76,,83,,83,,81,,80,,69,,71,,73,,71,,73,,74,,73,,70,,76,,78,,74,,73,,65,,67,,72,,79,,78,,80,,75,,67,,72,,75,,75,,73,,66,,70,,75,,69,,64,,69,,66,,62,,66,,60,,62,,68,,76,,85,,81,,73,,70,,71,,66,,69,,67,,64,,66,,74,,74,,77,,78,,75,,72,,71,,70,,68,,72,,74,,72,,72,,68,,69,,65,,67,,70,,64,,67,,71,,70,,70,,69,,72,,71,,64,,63,,59,,70,,68,,63,,59,,62,,55,,53,,63,,62,,58,,53,,63,,62,,58,,53,,63,,62,,53,,62,,60,,50,,48,,46,,52,,50,,48,,46,,52,,50,,48,,46,,52,,50,,48,,46,,52,,50,,48,,46,,52,,50,,48,,46,,52,,50,,48,,52,,61,,52,,54,,48,,44,,42,,48,,52,,41,,49,,53,,51,,52,,45,,43,,45,,35,,46,,43,,34,,44,,46,,41,,29,,31,,39,,31,,29,,31,,40,,40,,36,,40,,53,,50,,32,,30,,30,,45,,44,,37,,42,,49,,45,,30,,29,,28,,34,,30,,29,,28,,45,,45,,36,,38,,45,,42,,35,,41,,37,,46,,46,,32,,36,,42,,37,,25,,22,,40,,43,,29,,32,,41,,36,,28,,26,,27,,44,,43,,30,,32,,38,,38,,25,,18,,23,,24,,25,,18,,23,,24,,25,,18,,23,,24,,25,,18,,23,,24,,25,,18,,23,,24,,25,,18,,23,,24,,25,,18,,23,,24,,25,,18,,23,,25,,39,,39,,47,,42,,30,,20,,24,,22,,20,,36,,42,,34,,36,,40,,37,,22,,13,,29,,34,,26,,50,,49,,41,,17,,18,,18,,18,,33,,41,,39,,42,,44,,32,,10,,16,,14,,34,,36,,32,,32,,42,,45,,24,,11,,22,,37,,34,,53,,59,,41,,29,,7,,18,,30,,26,,38,,45,,36,,21,,10,,25,,39,,29,,22,,28,,31,,27,,25,,36,,44,,53,,58,,47,,40,,53,,62,,50,,44,,36,,41,,47,,42,,33,,40,,48,,32,,16,,0,
81,81,,84,,84,,86,,85,,77,,82,,81,,73,,71,,77,,77,,73,,79,,82,,83,,76,,73,,82,,82,,79,,77,,80,,85,,82,,84,,84,,88,,87,,80,,80,,85,,83,,79,,74,,84,,87,,77,,80,,85,,85,,85,,80,,85,,84,,77,,80,,77,,81,,85,,80,,86,,84,,85,,83,,77,,81,,76,,79,,76,,82,,86,,75,,74,,78,,81,,79,,74,,72,,69,,69,,72,,75,,76,,73,,74,,73,,71,,74,,74,,72,,73,,72,,74,,75,,79,,78,,80,,73,,66,,73,,76,,75,,76,,73,,68,,73,,74,,75,,73,,70,,74,,77,,72,,75,,76,,76,,73,,74,,76,,73,,70,,72,,73,,76,,69,,73,,70,,65,,70,,71,,73,,76,,64,,66,,72,,73,,76,,72,,73,,74,,65,,63,,69,,69,,68,,69,,66,,63,,66,,65,,67,,73,,68,,68,,71,,74,,70,,67,,64,,68,,65,,73,,79,,71,,74,,79,,74,,71,,75,,72,,71,,79,,72,,72,,83,,81,,79,,76,,73,,78,,79,,77,,75,,74,,83,,71,,68,,70,,73,,69,,69,,72,,58,,67,,71,,76,,73,,73,,79,,81,,77,,81,,78,,73,,79,,80,,75,,73,,60,,65,,69,,67,,76,,70,,67,,72,,65,,64,,64,,64,,75,,78,,75,,75,,68,,67,,69,,71,,72,,72,,76,,83,,81,,82,,85,,78,,74,,77,,72,,76,,72,,71,,69,,66,,72,,82,,81,,79,,74,,64,,68,,72,,69,,70,,78,,72,,73,,70,,65,,63,,66,,61,,63,,71,,66,,71,,82,,78,,82,,81,,78,,86,,85,,84,,82,,81,,79,,86,,81,,74,,74,,67,,68,,72,,78,,72,,70,,64,,62,,68,,62,,64,,62,,68,,62,,64,,64,,55,,54,,52,,55,,55,,54,,52,,55,,55,,54,,52,,55,,55,,54,,52,,55,,55,,54,,52,,55,,55,,54,,52,,55,,55,,54,,52,,55,,55,,54,,52,,55,,59,,60,,52,,49,,58,,58,,48,,55,,59,,54,,49,,58,,60,,51,,54,,51,,43,,38,,41,,43,,51,,51,,45,,45,,51,,53,,38,,31,,38,,45,,44,,36,,37,,45,,41,,29,,31,,29,,29,,49,,51,,34,,36,,40,,41,,31,,30,,23,,28,,31,,30,,23,,41,,47,,29,,31,,34,,33,,23,,24,,20,,20,,23,,24,,20,,20,,23,,24,,20,,20,,23,,24,,20,,20,,23,,24,,20,,20,,23,,24,,20,,20,,23,,24,,20,,20,,23,,24,,20,,40,,40,,53,,68,,47,,35,,38,,38,,49,,47,,37,,38,,55,,44,,28,,28,,27,,33,,42,,50,,34,,23,,8,,32,,43,,27,,51,,48,,40,,16,,19,,19,,19,,33,,37,,28,,24,,31,,29,,17,,21,,19,,33,,35,,29,,23,,28,,32,,20,,10,,20,,40,,34,,56,,59,,39,,30,,10,,17,,38,,50,,37,,32,,40,,44,,38,,36,,44,,53,,58,,47,,40,,53,,62,,50,,44,,36,,41,,47,,42,,33,,40,,48,,32,,16,,0,
75,76,,75,,75,,75,,73,,75,,76,,76,,79,,77,,72,,73,,72,,74,,75,,73,,74,,69,,68,,68,,69,,75,,75,,80,,79,,72,,72,,70,,69,,72,,72,,75,,79,,74,,76,,74,,72,,75,,82,,80,,79,,69,,76,,75,,77,,74,,75,,78,,77,,70,,71,,71,,74,,72,,69,,71,,76,,81,,77,,77,,77,,78,,79,,76,,75,,83,,80,,79,,81,,79,,78,,76,,76,,76,,75,,77,,81,,80,,80,,75,,75,,76,,81,,81,,77,,78,,81,,87,,81,,73,,79,,72,,69,,75,,77,,76,,71,,70,,75,,80,,82,,79,,78,,80,,81,,80,,75,,71,,79,,82,,78,,79,,86,,79,,72,,82,,75,,73,,77,,72,,64,,66,,71,,66,,73,,68,,66,,73,,79,,73,,74,,79,,69,,66,,67,,69,,73,,69,,68,,72,,69,,69,,69,,70,,77,,70,,67,,65,,67,,70,,70,,69,,66,,68,,70,,77,,72,,66,,67,,66,,67,,68,,69,,70,,74,,72,,74,,72,,66,,67,,77,,76,,73,,70,,71,,72,,72,,68,,72,,67,,71,,78,,76,,68,,75,,76,,71,,66,,69,,69,,73,,73,,76,,85,,80,,82,,74,,77,,84,,78,,82,,81,,78,,77,,81,,79,,82,,82,,82,,84,,79,,79,,79,,73,,71,,70,,65,,63,,67,,77,,78,,82,,84,,79,,75,,82,,69,,70,,69,,76,,75,,70,,70,,69,,76,,74,,73,,74,,73,,71,,70,,69,,75,,71,,65,,74,,81,,84,,77,,72,,63,,63,,64,,63,,64,,65,,77,,80,,78,,78,,65,,61,,63,,65,,67,,71,,68,,72,,69,,73,,74,,76,,82,,85,,77,,80,,79,,75,,78,,82,,79,,78,,76,,81,,79,,75,,79,,81,,80,,82,,78,,76,,79,,83,,79,,77,,70,,64,,66,,69,,71,,77,,76,,69,,80,,74,,72,,79,,74,,72,,68,,68,,71,,67,,63,,68,,74,,76,,68,,74,,74,,71,,74,,71,,70,,73,,73,,79,,80,,76,,79,,78,,71,,78,,80,,78,,76,,77,,81,,81,,82,,84,,86,,81,,80,,75,,79,,77,,75,,76,,74,,77,,82,,77,,80,,80,,75,,71,,72,,65,,70,,73,,86,,84,,82,,76,,85,,85,,84,,78,,77,,71,,77,,80,,76,,67,,64,,71,,70,,73,,78,,79,,76,,77,,76,,73,,70,,71,,72,,75,,79,,77,,74,,76,,80,,80,,78,,67,,77,,82,,75,,75,,73,,70,,73,,68,,72,,72,,77,,80,,84,,83,,79,,75,,70,,71,,75,,72,,68,,66,,67,,73,,68,,78,,74,,68,,72,,68,,68,,77,,75,,71,,80,,66,,68,,62,,63,,67,,71,,80,,79,,79,,70,,70,,64,,61,,55,,63,,77,,78,,72,,65,,63,,60,,60,,68,,74,,75,,81,,70,,77,,83,,69,,64,,68,,76,,69,,64,,64,,64,,64,,64,,70,,65,,63,,70,,68,,64,,63,,70,,72,,69,,64,,66,,65,,58,,59,,58,,63,,61,,59,,58,,63,,61,,59,,58,,63,,61,,59,,58,,63,,61,,59,,58,,63,,61,,59,,58,,63,,61,,59,,58,,63,,61,,59,,58,,56,,60,,60,,58,,52,,54,,51,,51,,49,,52,,59,,52,,43,,46,,63,,59,,44,,48,,50,,46,,38,,42,,55,,51,,40,,41,,42,,43,,36,,37,,36,,50,,50,,42,,47,,51,,48,,37,,37,,40,,38,,37,,46,,49,,43,,46,,48,,44,,34,,28,,24,,34,,34,,28,,24,,34,,40,,31,,40,,49,,45,,30,,27,,26,,30,,27,,35,,34,,31,,38,,50,,48,,32,,30,,32,,28,,32,,30,,32,,28,,32,,30,,32,,28,,32,,30,,32,,28,,32,,30,,32,,28,,32,,30,,32,,28,,32,,30,,32,,28,,32,,30,,45,,41,,53,,71,,58,,44,,41,,45,,47,,43,,35,,37,,51,,44,,26,,32,,41,,45,,45,,34,,32,,24,,20,,22,,36,,42,,36,,42,,45,,36,,18,,13,,29,,30,,22,,46,,49,,41,,17,,14,,18,,14,,34,,43,,33,,38,,48,,36,,14,,20,,16,,35,,39,,33,,30,,43,,48,,26,,12,,23,,38,,35,,51,,56,,43,,30,,8,,20,,33,,29,,41,,48,,37,,21,,7,,23,,37,,26,,19,,26,,29,,24,,22,,37,,43,,36,,43,,48,,38,,31,,43,,51,,42,,36,,41,,47,,42,,33,,40,,48,,32,,16,,0,
81,77,,79,,83,,83,,80,,74,,74,,79,,75,,79,,78,,79,,81,,77,,77,,76,,76,,77,,79,,80,,76,,80,,84,,80,,76,,81,,90,,83,,73,,77,,82,,80,,76,,80,,77,,79,,83,,85,,81,,80,,80,,80,,77,,86,,84,,79,,81,,85,,75,,72,,78,,70,,70,,77,,78,,73,,80,,84,,78,,70,,75,,74,,78,,83,,72,,72,,77,,79,,76,,68,,76,,74,,78,,81,,77,,74,,77,,79,,76,,74,,74,,81,,79,,80,,82,,76,,75,,76,,74,,74,,76,,75,,76,,75,,74,,73,,80,,80,,77,,77,,77,,77,,73,,73,,73,,73,,71,,75,,73,,74,,74,,71,,67,,72,,75,,75,,74,,71,,76,,73,,75,,75,,75,,74,,74,,72,,76,,76,,76,,78,,72,,72,,69,,73,,76,,76,,77,,74,,77,,78,,74,,82,,80,,72,,84,,86,,76,,73,,71,,78,,75,,77,,81,,69,,72,,68,,68,,62,,72,,76,,79,,71,,63,,63,,66,,60,,66,,69,,64,,70,,69,,67,,69,,68,,75,,76,,75,,78,,71,,74,,72,,70,,68,,64,,64,,72,,67,,67,,73,,75,,74,,79,,78,,70,,70,,71,,61,,70,,69,,74,,69,,62,,67,,65,,68,,65,,65,,64,,71,,74,,80,,84,,84,,83,,72,,74,,77,,69,,70,,77,,73,,73,,71,,73,,67,,62,,68,,72,,76,,70,,64,,65,,66,,65,,65,,68,,68,,63,,61,,60,,62,,65,,66,,69,,71,,69,,65,,68,,76,,76,,74,,72,,65,,70,,68,,63,,63,,60,,58,,52,,59,,64,,60,,65,,66,,72,,68,,71,,71,,72,,72,,76,,72,,73,,69,,73,,74,,71,,71,,72,,68,,69,,67,,76,,71,,69,,70,,65,,66,,65,,72,,80,,79,,70,,74,,66,,71,,68,,71,,77,,76,,81,,76,,78,,79,,77,,74,,73,,71,,69,,66,,73,,77,,79,,83,,84,,78,,74,,80,,73,,76,,77,,86,,82,,76,,76,,78,,79,,81,,86,,84,,80,,82,,81,,82,,79,,73,,72,,79,,80,,73,,82,,80,,81,,80,,80,,82,,77,,83,,82,,80,,72,,78,,74,,67,,78,,82,,81,,73,,70,,73,,72,,63,,73,,79,,78,,77,,85,,71,,70,,73,,70,,69,,71,,74,,74,,70,,74,,66,,65,,66,,83,,87,,89,,84,,77,,76,,83,,63,,62,,63,,60,,59,,55,,56,,57,,58,,53,,52,,56,,61,,59,,49,,44,,40,,42,,49,,44,,40,,42,,49,,44,,40,,42,,49,,44,,40,,42,,49,,44,,40,,42,,49,,44,,40,,42,,49,,44,,40,,42,,49,,44,,40,,42,,49,,44,,40,,44,,46,,48,,48,,46,,43,,42,,48,,50,,47,,39,,43,,48,,41,,36,,39,,45,,44,,43,,32,,43,,49,,41,,37,,42,,53,,52,,37,,31,,42,,39,,37,,31,,42,,37,,51,,40,,26,,39,,43,,40,,30,,35,,32,,27,,30,,45,,46,,38,,39,,49,,52,,40,,34,,32,,34,,40,,34,,32,,34,,34,,41,,35,,26,,36,,41,,36,,23,,29,,23,,22,,23,,29,,23,,22,,23,,29,,23,,22,,23,,29,,23,,22,,23,,29,,23,,22,,23,,29,,23,,46,,45,,57,,73,,52,,38,,43,,44,,46,,46,,38,,36,,51,,45,,27,,31,,27,,37,,42,,51,,37,,25,,10,,19,,35,,33,,52,,56,,40,,30,,9,,19,,31,,26,,38,,45,,32,,19,,6,,17,,26,,46,,57,,43,,39,,48,,51,,46,,44,,53,,58,,47,,40,,53,,62,,50,,44,,36,,41,,47,,42,,33,,40,,48,,32,,16,,0,
72,73,,74,,76,,77,,76,,76,,76,,73,,77,,82,,82,,76,,72,,78,,74,,73,,77,,80,,74,,76,,79,,78,,75,,73,,74,,83,,83,,75,,78,,84,,84,,77,,74,,78,,81,,84,,84,,84,,82,,79,,82,,82,,78,,72,,77,,86,,80,,83,,86,,83,,76,,80,,82,,76,,78,,81,,88,,85,,88,,80,,76,,84,,82,,84,,85,,82,,88,,84,,86,,84,,87,,86,,83,,87,,87,,78,,80,,80,,82,,88,,85,,89,,90,,89,,85,,86,,82,,83,,84,,89,,87,,87,,84,,77,,78,,88,,88,,79,,76,,84,,82,,85,,82,,74,,80,,83,,82,,82,,89,,85,,86,,85,,77,,77,,82,,82,,87,,83,,69,,74,,77,,74,,73,,73,,78,,72,,67,,72,,70,,74,,76,,80,,77,,75,,74,,73,,84,,80,,72,,80,,79,,74,,71,,77,,78,,77,,78,,74,,71,,74,,68,,66,,61,,60,,63,,68,,63,,61,,70,,73,,74,,76,,66,,63,,65,,63,,68,,77,,78,,76,,76,,70,,66,,59,,59,,61,,73,,72,,76,,76,,83,,81,,77,,72,,72,,74,,78,,73,,82,,74,,73,,77,,83,,86,,84,,86,,86,,79,,82,,75,,77,,77,,70,,74,,78,,82,,80,,79,,81,,76,,74,,71,,67,,70,,74,,73,,73,,73,,71,,71,,75,,73,,75,,64,,69,,74,,72,,75,,77,,76,,68,,65,,62,,73,,77,,74,,68,,60,,64,,60,,61,,60,,59,,62,,68,,71,,68,,71,,67,,73,,75,,76,,68,,67,,66,,72,,76,,68,,65,,70,,73,,71,,68,,57,,64,,74,,72,,74,,77,,70,,75,,70,,78,,70,,71,,73,,81,,82,,75,,78,,66,,75,,73,,70,,62,,71,,81,,79,,79,,86,,76,,72,,79,,72,,81,,80,,74,,72,,67,,74,,75,,75,,74,,74,,66,,61,,58,,66,,66,,62,,60,,60,,53,,56,,65,,69,,75,,68,,69,,56,,50,,54,,58,,55,,53,,66,,73,,68,,67,,73,,81,,81,,80,,80,,78,,78,,73,,71,,68,,76,,73,,70,,75,,73,,73,,73,,75,,70,,76,,73,,67,,74,,77,,81,,72,,72,,79,,82,,85,,83,,82,,83,,82,,71,,73,,74,,72,,71,,73,,70,,68,,73,,72,,71,,67,,71,,72,,71,,75,,70,,70,,71,,77,,65,,57,,55,,48,,44,,43,,50,,49,,44,,43,,50,,49,,44,,43,,50,,49,,44,,43,,50,,49,,44,,43,,50,,49,,44,,43,,50,,49,,44,,43,,50,,49,,53,,53,,51,,67,,69,,54,,52,,53,,55,,54,,60,,54,,52,,62,,65,,58,,60,,61,,55,,54,,59,,56,,44,,51,,57,,52,,46,,46,,46,,53,,51,,44,,51,,57,,51,,45,,50,,52,,49,,43,,45,,40,,43,,45,,50,,46,,45,,42,,45,,36,,28,,28,,34,,36,,28,,28,,34,,36,,32,,30,,30,,50,,44,,24,,24,,29,,24,,35,,40,,33,,34,,47,,47,,32,,29,,29,,30,,32,,29,,29,,30,,32,,29,,29,,30,,32,,29,,29,,30,,32,,29,,29,,30,,32,,29,,29,,30,,32,,29,,29,,30,,32,,29,,29,,42,,44,,56,,76,,58,,44,,49,,47,,46,,48,,38,,35,,53,,46,,25,,28,,38,,44,,53,,42,,32,,20,,18,,34,,37,,29,,32,,42,,38,,20,,12,,36,,40,,24,,48,,52,,44,,20,,16,,20,,16,,28,,36,,28,,27,,35,,26,,12,,21,,19,,32,,30,,25,,21,,30,,37,,23,,11,,24,,48,,39,,53,,58,,37,,25,,10,,25,,39,,29,,22,,28,,31,,27,,25,,36,,44,,53,,58,,47,,40,,53,,62,,50,,44,,36,,41,,47,,42,,33,,40,,48,,32,,16,,0,
83,79,,81,,84,,84,,80,,81,,83,,82,,78,,78,,82,,82,,85,,78,,81,,81,,79,,79,,77,,82,,82,,84,,79,,77,,80,,84,,88,,82,,84,,84,,81,,82,,84,,87,,89,,84,,82,,81,,79,,80,,82,,87,,87,,82,,85,,84,,84,,86,,88,,89,,85,,81,,80,,81,,82,,83,,82,,83,,82,,80,,82,,82,,80,,77,,80,,83,,85,,80,,79,,82,,77,,78,,75,,76,,79,,75,,80,,81,,82,,79,,76,,80,,82,,79,,82,,81,,81,,77,,77,,83,,81,,81,,82,,81,,87,,84,,80,,77,,79,,82,,82,,86,,87,,83,,80,,78,,82,,86,,85,,80,,83,,82,,78,,78,,79,,82,,77,,76,,82,,86,,82,,76,,77,,74,,72,,76,,75,,69,,71,,75,,77,,71,,71,,74,,75,,69,,69,,71,,71,,73,,69,,69,,71,,74,,77,,77,,71,,78,,77,,80,,79,,75,,72,,67,,69,,71,,63,,62,,68,,73,,72,,78,,80,,80,,77,,73,,72,,68,,77,,75,,69,,74,,74,,75,,72,,75,,74,,75,,73,,71,,71,,71,,76,,78,,72,,70,,72,,66,,70,,66,,70,,73,,69,,74,,76,,76,,75,,70,,63,,64,,68,,71,,71,,67,,73,,74,,69,,71,,75,,74,,74,,64,,70,,71,,69,,70,,69,,70,,73,,76,,73,,78,,78,,72,,73,,74,,72,,74,,73,,67,,73,,63,,64,,70,,82,,79,,83,,79,,68,,71,,74,,75,,76,,74,,71,,66,,65,,79,,76,,75,,79,,64,,69,,64,,58,,61,,59,,61,,70,,73,,76,,73,,73,,78,,76,,78,,78,,78,,81,,76,,80,,78,,80,,78,,84,,81,,79,,75,,72,,77,,74,,76,,81,,72,,76,,74,,68,,73,,73,,74,,77,,72,,72,,69,,72,,80,,78,,80,,81,,77,,82,,79,,84,,80,,84,,79,,75,,77,,80,,78,,80,,74,,72,,86,,80,,72,,72,,59,,71,,74,,71,,69,,72,,77,,72,,70,,75,,75,,71,,73,,72,,64,,56,,65,,67,,57,,69,,76,,82,,75,,68,,62,,62,,68,,76,,79,,78,,77,,71,,67,,65,,71,,80,,77,,79,,79,,79,,82,,84,,86,,85,,80,,79,,86,,79,,77,,73,,73,,71,,81,,73,,69,,77,,79,,78,,84,,82,,83,,82,,83,,83,,79,,80,,68,,66,,67,,65,,62,,63,,60,,58,,62,,56,,54,,55,,56,,61,,52,,56,,56,,61,,52,,56,,53,,55,,57,,52,,53,,50,,57,,52,,53,,50,,57,,52,,53,,50,,57,,52,,53,,50,,57,,52,,53,,50,,57,,52,,53,,50,,57,,52,,53,,50,,57,,52,,53,,50,,57,,61,,52,,49,,47,,52,,53,,50,,59,,57,,54,,59,,64,,58,,56,,57,,53,,51,,54,,55,,53,,53,,53,,58,,51,,51,,54,,58,,51,,51,,57,,58,,46,,43,,44,,54,,52,,47,,52,,56,,49,,43,,41,,45,,51,,46,,42,,48,,45,,36,,30,,38,,42,,40,,30,,38,,41,,37,,35,,37,,47,,47,,35,,32,,37,,32,,35,,32,,37,,32,,35,,37,,43,,42,,34,,36,,44,,43,,34,,29,,31,,34,,34,,29,,31,,34,,34,,29,,31,,34,,34,,29,,31,,34,,34,,29,,31,,34,,34,,29,,31,,34,,34,,29,,31,,34,,31,,29,,34,,34,,43,,46,,46,,40,,37,,27,,23,,33,,41,,48,,40,,29,,16,,21,,17,,21,,17,,38,,46,,34,,34,,46,,34,,20,,26,,20,,36,,40,,32,,34,,38,,41,,26,,11,,26,,40,,30,,23,,29,,32,,28,,26,,35,,44,,48,,38,,32,,43,,51,,41,,35,,44,,36,,41,,47,,42,,33,,40,,48,,32,,16,,0,
88,86,,84,,85,,88,,87,,86,,86,,84,,86,,88,,82,,83,,89,,82,,83,,84,,86,,88,,87,,85,,85,,85,,85,,85,,84,,80,,85,,85,,80,,82,,85,,82,,83,,82,,85,,83,,82,,83,,85,,83,,85,,84,,81,,78,,88,,89,,82,,83,,84,,83,,73,,69,,79,,83,,75,,75,,83,,87,,83,,83,,80,,81,,82,,77,,79,,77,,79,,81,,78,,73,,71,,76,,74,,72,,79,,71,,74,,79,,77,,78,,78,,79,,79,,75,,77,,80,,80,,83,,81,,79,,79,,77,,79,,76,,80,,76,,81,,84,,81,,77,,78,,74,,78,,79,,79,,80,,77,,78,,79,,80,,80,,78,,76,,78,,79,,79,,79,,81,,74,,77,,81,,80,,80,,80,,80,,78,,82,,86,,79,,80,,80,,79,,79,,78,,75,,79,,82,,84,,78,,80,,81,,79,,78,,79,,78,,78,,80,,74,,74,,83,,77,,75,,76,,75,,77,,83,,81,,73,,74,,79,,78,,74,,76,,78,,73,,74,,78,,80,,74,,76,,80,,81,,72,,71,,72,,67,,77,,77,,76,,72,,70,,72,,77,,77,,75,,76,,79,,78,,74,,71,,69,,71,,62,,62,,68,,65,,67,,66,,71,,78,,76,,72,,66,,65,,79,,77,,77,,77,,71,,65,,59,,66,,69,,81,,74,,72,,77,,61,,67,,69,,67,,67,,68,,69,,72,,76,,73,,78,,82,,69,,73,,69,,71,,70,,69,,71,,68,,69,,75,,69,,67,,65,,64,,67,,70,,72,,70,,70,,68,,70,,76,,77,,70,,67,,60,,75,,77,,77,,78,,67,,66,,70,,68,,63,,68,,70,,73,,83,,75,,74,,79,,74,,76,,75,,78,,76,,75,,77,,77,,66,,71,,73,,63,,60,,65,,59,,60,,75,,76,,68,,65,,61,,61,,65,,64,,65,,75,,75,,78,,81,,78,,81,,78,,74,,76,,69,,72,,78,,76,,75,,73,,71,,72,,64,,72,,70,,68,,72,,62,,63,,71,,68,,68,,64,,63,,62,,76,,73,,78,,76,,62,,64,,70,,73,,75,,77,,83,,76,,76,,88,,79,,81,,74,,77,,79,,77,,76,,77,,72,,72,,74,,79,,80,,83,,75,,74,,84,,76,,78,,80,,79,,78,,76,,71,,77,,80,,81,,74,,76,,83,,81,,80,,81,,73,,73,,72,,72,,72,,75,,75,,75,,75,,81,,84,,84,,84,,74,,73,,68,,74,,72,,72,,72,,64,,63,,64,,62,,62,,62,,61,,55,,56,,55,,58,,63,,56,,55,,58,,63,,64,,67,,64,,58,,57,,57,,55,,58,,57,,57,,55,,58,,57,,57,,55,,58,,57,,57,,55,,58,,57,,57,,55,,58,,57,,57,,55,,58,,57,,57,,55,,58,,57,,57,,59,,59,,56,,51,,57,,54,,46,,49,,55,,52,,43,,46,,52,,58,,51,,47,,55,,54,,49,,51,,48,,49,,53,,54,,47,,52,,57,,52,,40,,36,,36,,44,,48,,41,,38,,34,,44,,44,,28,,34,,30,,40,,51,,44,,36,,45,,51,,36,,26,,34,,37,,35,,31,,38,,46,,47,,30,,27,,29,,25,,30,,27,,29,,42,,42,,28,,32,,38,,35,,23,,20,,20,,23,,23,,20,,20,,23,,23,,20,,20,,23,,23,,20,,20,,23,,23,,20,,20,,23,,23,,20,,20,,23,,23,,20,,20,,23,,23,,20,,20,,23,,23,,31,,38,,43,,43,,29,,20,,23,,16,,12,,16,,36,,37,,52,,52,,39,,30,,10,,26,,34,,26,,50,,46,,38,,14,,18,,22,,18,,38,,43,,34,,35,,43,,35,,19,,25,,18,,35,,39,,30,,34,,43,,43,,22,,11,,18,,39,,36,,50,,55,,41,,29,,13,,22,,35,,34,,44,,46,,34,,25,,11,,28,,40,,29,,24,,30,,32,,32,,30,,34,,40,,32,,24,,34,,41,,32,,26,,41,,43,,46,,41,,34,,44,,53,,34,,18,,39,,51,,38,,33,,41,,45,,39,,37,,43,,36,,43,,48,,38,,31,,43,,51,,42,,36,,41,,47,,42,,33,,40,,48,,32,,16,,0,
83,85,,86,,82,,79,,80,,88,,86,,76,,80,,82,,77,,85,,88,,89,,87,,89,,89,,86,,90,,83,,83,,85,,83,,85,,87,,83,,80,,77,,79,,85,,83,,82,,80,,79,,83,,89,,86,,83,,83,,85,,86,,87,,83,,82,,88,,85,,81,,82,,86,,86,,86,,85,,83,,90,,86,,85,,86,,85,,82,,85,,79,,77,,85,,85,,83,,83,,81,,82,,80,,83,,81,,76,,85,,85,,81,,80,,79,,77,,79,,75,,77,,81,,77,,81,,77,,77,,75,,80,,80,,73,,76,,79,,78,,77,,79,,82,,82,,80,,79,,80,,75,,73,,74,,78,,82,,79,,77,,79,,77,,76,,74,,77,,80,,75,,78,,76,,80,,75,,69,,73,,73,,69,,72,,77,,77,,71,,71,,74,,77,,75,,71,,76,,77,,74,,70,,75,,84,,75,,74,,75,,81,,76,,73,,74,,72,,72,,73,,70,,71,,72,,77,,79,,73,,73,,81,,75,,70,,70,,70,,68,,69,,75,,78,,72,,75,,80,,78,,68,,67,,72,,74,,79,,80,,81,,82,,76,,72,,75,,78,,73,,78,,79,,76,,73,,74,,77,,81,,81,,74,,67,,67,,70,,78,,72,,68,,69,,74,,72,,72,,74,,70,,75,,78,,77,,73,,74,,72,,75,,75,,74,,75,,75,,78,,82,,81,,84,,81,,77,,79,,74,,76,,77,,80,,75,,77,,81,,81,,85,,80,,80,,86,,76,,75,,74,,72,,70,,69,,81,,83,,82,,81,,72,,81,,81,,80,,71,,69,,74,,77,,78,,70,,70,,74,,73,,72,,73,,74,,76,,76,,76,,82,,83,,79,,77,,80,,76,,73,,77,,77,,71,,70,,66,,72,,68,,70,,68,,61,,67,,69,,74,,74,,69,,76,,70,,73,,73,,65,,70,,71,,70,,71,,69,,65,,64,,61,,69,,74,,74,,75,,75,,75,,82,,85,,81,,73,,76,,76,,81,,82,,76,,73,,69,,70,,71,,75,,77,,81,,79,,76,,80,,70,,77,,74,,74,,74,,77,,75,,75,,72,,70,,63,,65,,75,,80,,78,,75,,69,,70,,63,,59,,63,,69,,71,,71,,79,,69,,64,,72,,77,,79,,82,,84,,85,,83,,79,,77,,79,,76,,75,,81,,83,,81,,78,,67,,74,,82,,76,,74,,75,,62,,67,,69,,74,,72,,74,,74,,71,,69,,69,,76,,75,,75,,75,,72,,75,,82,,77,,73,,81,,71,,79,,69,,79,,71,,64,,60,,62,,67,,60,,55,,52,,60,,60,,61,,61,,61,,58,,57,,61,,61,,58,,57,,61,,61,,58,,65,,67,,63,,65,,66,,66,,63,,65,,66,,66,,63,,65,,66,,66,,63,,65,,66,,66,,63,,65,,66,,66,,63,,65,,66,,66,,63,,65,,66,,62,,57,,67,,63,,57,,58,,60,,60,,53,,60,,60,,54,,57,,50,,44,,43,,44,,49,,44,,38,,49,,55,,43,,45,,55,,54,,44,,51,,56,,53,,48,,44,,44,,57,,55,,48,,56,,59,,52,,45,,43,,50,,50,,45,,43,,50,,50,,45,,43,,50,,50,,51,,50,,49,,45,,46,,44,,40,,44,,44,,58,,56,,45,,42,,46,,49,,38,,32,,38,,38,,38,,48,,51,,45,,42,,45,,43,,36,,42,,36,,34,,36,,43,,42,,39,,38,,47,,47,,34,,34,,32,,29,,34,,34,,32,,29,,34,,34,,32,,29,,34,,34,,32,,29,,34,,34,,32,,29,,34,,34,,32,,29,,34,,29,,32,,34,,34,,44,,44,,47,,42,,39,,28,,26,,34,,40,,46,,36,,29,,18,,19,,22,,18,,18,,37,,39,,32,,37,,44,,36,,21,,13,,37,,44,,28,,52,,53,,45,,21,,20,,24,,20,,29,,38,,33,,31,,34,,27,,15,,21,,18,,32,,36,,27,,22,,31,,34,,23,,14,,20,,37,,36,,53,,56,,37,,28,,11,,31,,43,,29,,24,,33,,35,,32,,30,,37,,43,,32,,24,,37,,44,,32,,26,,40,,41,,45,,40,,33,,43,,52,,33,,17,,38,,50,,37,,32,,41,,44,,38,,36,,44,,52,,55,,44,,39,,51,,58,,49,,43,,48,,53,,47,,39,,50,,62,,40,,24,,16,,0,
87,84,,77,,80,,82,,82,,87,,88,,83,,80,,73,,80,,82,,76,,85,,86,,85,,75,,77,,75,,73,,85,,85,,85,,84,,80,,83,,82,,81,,87,,86,,88,,85,,81,,87,,80,,74,,79,,81,,87,,85,,87,,84,,85,,85,,86,,76,,81,,85,,77,,87,,88,,82,,82,,80,,79,,81,,82,,92,,89,,92,,88,,86,,80,,80,,84,,83,,85,,88,,85,,84,,83,,78,,76,,80,,82,,87,,83,,80,,82,,77,,78,,84,,83,,86,,81,,85,,80,,80,,86,,87,,80,,78,,81,,81,,77,,75,,76,,80,,79,,78,,82,,83,,77,,74,,77,,80,,76,,77,,83,,84,,77,,70,,81,,82,,77,,77,,82,,78,,77,,78,,81,,76,,78,,80,,79,,76,,76,,81,,79,,76,,77,,78,,77,,75,,77,,79,,79,,74,,76,,81,,77,,74,,76,,79,,72,,71,,74,,73,,72,,71,,77,,79,,73,,69,,74,,79,,75,,70,,75,,82,,81,,74,,73,,77,,80,,79,,75,,79,,77,,77,,74,,79,,82,,78,,75,,75,,75,,67,,69,,75,,71,,76,,75,,76,,72,,63,,66,,73,,68,,69,,73,,69,,68,,74,,70,,63,,69,,75,,71,,67,,69,,66,,72,,73,,69,,74,,63,,65,,68,,74,,80,,77,,69,,70,,75,,73,,78,,80,,72,,76,,80,,77,,80,,86,,81,,74,,84,,83,,83,,88,,84,,73,,74,,69,,77,,74,,70,,73,,77,,75,,67,,77,,81,,79,,73,,74,,65,,64,,69,,68,,69,,70,,62,,68,,82,,83,,83,,83,,84,,80,,80,,77,,77,,72,,73,,81,,82,,87,,86,,70,,77,,74,,74,,73,,76,,72,,76,,81,,72,,76,,80,,73,,81,,77,,75,,77,,74,,75,,80,,79,,81,,75,,71,,70,,73,,74,,77,,76,,77,,67,,60,,66,,65,,71,,75,,84,,78,,75,,72,,75,,80,,81,,77,,76,,71,,71,,70,,65,,63,,72,,80,,81,,80,,77,,67,,66,,67,,73,,67,,73,,66,,71,,75,,76,,77,,71,,75,,74,,79,,78,,62,,64,,68,,74,,74,,70,,75,,72,,71,,70,,71,,78,,73,,74,,81,,67,,69,,71,,71,,74,,80,,81,,73,,69,,67,,72,,66,,62,,61,,65,,66,,73,,79,,78,,73,,63,,62,,58,,64,,68,,71,,70,,72,,71,,74,,79,,75,,76,,74,,59,,72,,72,,66,,73,,73,,76,,80,,78,,85,,85,,81,,77,,74,,71,,74,,77,,74,,68,,69,,71,,77,,85,,81,,75,,70,,73,,71,,71,,66,,70,,69,,68,,67,,62,,66,,71,,65,,62,,67,,68,,64,,66,,73,,72,,70,,70,,62,,59,,65,,64,,69,,65,,67,,69,,72,,71,,66,,73,,79,,78,,74,,80,,84,,87,,79,,76,,79,,84,,85,,84,,87,,85,,85,,83,,85,,84,,78,,84,,80,,72,,75,,77,,80,,77,,70,,72,,74,,73,,66,,67,,63,,66,,66,,67,,63,,66,,66,,67,,63,,66,,66,,67,,63,,66,,67,,63,,63,,64,,68,,66,,63,,64,,68,,66,,63,,64,,68,,66,,63,,64,,68,,66,,63,,64,,68,,66,,63,,60,,58,,59,,62,,68,,57,,53,,51,,59,,53,,59,,61,,56,,56,,61,,61,,49,,53,,53,,49,,50,,55,,55,,46,,46,,59,,60,,52,,50,,56,,62,,48,,43,,48,,58,,50,,44,,51,,55,,51,,41,,40,,45,,47,,37,,37,,43,,43,,37,,36,,41,,37,,38,,36,,41,,38,,58,,55,,37,,35,,36,,35,,28,,26,,36,,38,,28,,26,,36,,38,,28,,26,,33,,38,,33,,34,,44,,43,,30,,29,,24,,27,,30,,29,,39,,42,,36,,36,,42,,40,,22,,18,,20,,18,,22,,18,,20,,18,,22,,18,,20,,18,,22,,18,,20,,18,,22,,18,,20,,18,,22,,18,,20,,18,,42,,38,,48,,72,,54,,34,,36,,40,,52,,46,,32,,36,,58,,46,,26,,24,,26,,37,,40,,49,,45,,31,,21,,24,,15,,18,,21,,41,,48,,37,,38,,45,,35,,20,,10,,26,,37,,29,,53,,46,,38,,14,,21,,20,,21,,43,,47,,33,,31,,40,,34,,16,,22,,18,,42,,43,,27,,29,,40,,43,,26,,12,,21,,31,,28,,41,,48,,31,,19,,7,,23,,37,,26,,19,,26,,29,,24,,22,,37,,43,,36,,43,,48,,38,,31,,43,,51,,42,,36,,41,,47,,42,,33,,40,,48,,32,,16,,0,
75,79,,85,,84,,84,,88,,82,,76,,77,,79,,82,,80,,79,,86,,81,,75,,81,,85,,81,,78,,77,,82,,79,,77,,79,,77,,77,,81,,85,,81,,79,,83,,77,,75,,79,,83,,85,,84,,79,,79,,76,,74,,76,,78,,81,,81,,81,,79,,72,,72,,73,,70,,72,,77,,75,,74,,75,,76,,69,,68,,70,,79,,73,,73,,79,,79,,73,,73,,78,,80,,73,,71,,77,,78,,72,,72,,75,,74,,72,,80,,71,,80,,73,,67,,74,,78,,79,,72,,72,,79,,74,,74,,70,,70,,70,,68,,72,,77,,73,,71,,74,,75,,74,,71,,71,,76,,69,,69,,68,,69,,77,,78,,79,,76,,71,,69,,70,,69,,66,,67,,67,,68,,69,,68,,72,,74,,78,,74,,73,,78,,74,,66,,73,,75,,73,,69,,74,,76,,66,,64,,66,,72,,72,,78,,76,,69,,73,,81,,71,,62,,70,,64,,67,,66,,70,,70,,66,,73,,75,,69,,67,,70,,62,,58,,61,,64,,62,,59,,61,,65,,76,,74,,76,,76,,74,,69,,68,,69,,65,,71,,71,,65,,68,,79,,77,,75,,74,,75,,74,,77,,73,,71,,69,,74,,70,,65,,69,,64,,64,,66,,67,,65,,74,,79,,77,,75,,74,,67,,62,,60,,62,,61,,57,,54,,62,,61,,61,,65,,77,,71,,69,,71,,73,,71,,70,,71,,65,,63,,72,,71,,63,,62,,70,,72,,68,,75,,66,,58,,57,,65,,57,,60,,71,,71,,72,,67,,74,,64,,63,,75,,75,,79,,78,,67,,65,,62,,67,,73,,70,,63,,62,,73,,78,,73,,73,,67,,69,,72,,70,,61,,72,,71,,70,,67,,59,,58,,64,,72,,69,,70,,70,,69,,59,,59,,67,,69,,72,,73,,64,,67,,66,,66,,70,,65,,61,,66,,69,,77,,86,,77,,76,,76,,75,,80,,81,,77,,77,,76,,78,,82,,78,,82,,79,,76,,71,,77,,82,,80,,77,,83,,70,,74,,75,,72,,83,,85,,78,,78,,81,,72,,68,,71,,75,,73,,67,,67,,71,,77,,74,,74,,76,,80,,80,,70,,73,,73,,76,,82,,82,,75,,76,,74,,81,,78,,81,,88,,86,,83,,82,,81,,76,,77,,79,,82,,78,,77,,82,,75,,80,,78,,80,,73,,70,,78,,78,,79,,79,,77,,75,,73,,75,,70,,73,,80,,86,,83,,80,,82,,77,,79,,76,,76,,72,,71,,75,,72,,69,,78,,75,,63,,66,,75,,72,,68,,67,,66,,68,,75,,75,,68,,68,,69,,66,,61,,61,,59,,61,,66,,67,,63,,60,,61,,67,,63,,60,,61,,67,,63,,60,,61,,67,,63,,60,,61,,67,,63,,60,,61,,67,,63,,60,,61,,67,,63,,60,,61,,67,,63,,60,,61,,67,,63,,60,,61,,58,,61,,62,,65,,66,,60,,71,,73,,63,,58,,56,,59,,59,,67,,66,,57,,57,,56,,56,,58,,52,,53,,53,,50,,56,,56,,53,,42,,39,,41,,42,,39,,46,,48,,43,,48,,51,,47,,33,,36,,33,,30,,36,,50,,43,,32,,31,,39,,39,,27,,22,,33,,32,,27,,22,,32,,38,,38,,33,,26,,36,,37,,19,,20,,25,,20,,19,,20,,25,,20,,19,,20,,25,,20,,19,,20,,25,,20,,19,,20,,25,,20,,19,,20,,25,,20,,19,,20,,25,,20,,19,,20,,43,,40,,50,,70,,50,,35,,38,,41,,49,,45,,35,,37,,55,,44,,28,,23,,28,,36,,45,,49,,43,,33,,22,,22,,13,,22,,36,,32,,53,,54,,35,,30,,10,,15,,37,,37,,55,,56,,38,,29,,14,,30,,35,,27,,51,,50,,42,,18,,19,,20,,19,,38,,43,,37,,42,,46,,32,,12,,23,,16,,35,,37,,26,,30,,42,,46,,26,,10,,18,,38,,35,,49,,56,,41,,28,,8,,20,,34,,30,,40,,44,,33,,21,,7,,23,,35,,25,,20,,25,,27,,28,,26,,29,,35,,28,,20,,29,,36,,28,,22,,35,,44,,36,,41,,47,,42,,33,,40,,48,,32,,16,,0,
84,73,,81,,86,,83,,80,,76,,84,,81,,80,,84,,82,,85,,85,,83,,84,,87,,86,,87,,84,,83,,84,,84,,85,,81,,78,,82,,86,,84,,79,,76,,78,,78,,78,,78,,85,,87,,82,,79,,87,,82,,78,,81,,85,,90,,80,,74,,84,,82,,76,,78,,85,,81,,77,,81,,84,,83,,77,,76,,83,,82,,83,,84,,80,,84,,85,,78,,82,,81,,83,,83,,81,,80,,83,,79,,80,,79,,83,,82,,85,,85,,86,,87,,78,,81,,78,,79,,79,,77,,82,,84,,81,,85,,77,,78,,74,,73,,73,,80,,82,,78,,77,,76,,70,,73,,77,,73,,79,,81,,77,,74,,71,,76,,79,,76,,75,,77,,77,,74,,71,,74,,73,,74,,77,,75,,72,,72,,72,,71,,72,,74,,75,,75,,76,,73,,82,,81,,72,,73,,72,,73,,77,,74,,79,,79,,73,,73,,73,,75,,73,,74,,80,,75,,70,,75,,77,,75,,76,,77,,79,,75,,73,,70,,68,,77,,77,,78,,80,,82,,81,,80,,79,,74,,75,,79,,75,,73,,78,,73,,72,,73,,71,,74,,78,,78,,72,,71,,73,,69,,73,,74,,66,,65,,76,,80,,78,,74,,66,,72,,73,,74,,75,,73,,68,,71,,66,,67,,69,,74,,79,,73,,76,,81,,74,,73,,70,,72,,73,,74,,75,,75,,76,,77,,82,,77,,77,,77,,77,,79,,80,,76,,74,,78,,71,,76,,80,,86,,73,,72,,73,,79,,77,,79,,83,,82,,78,,78,,75,,75,,84,,80,,86,,85,,80,,79,,77,,74,,74,,88,,80,,77,,82,,72,,71,,72,,76,,71,,72,,72,,72,,66,,71,,75,,77,,78,,81,,78,,77,,70,,71,,67,,67,,67,,68,,70,,70,,78,,83,,88,,84,,73,,70,,63,,68,,71,,69,,67,,74,,73,,68,,67,,69,,64,,66,,67,,69,,70,,69,,78,,78,,83,,80,,83,,82,,71,,81,,84,,83,,81,,74,,77,,72,,77,,81,,86,,81,,77,,80,,71,,77,,78,,79,,80,,76,,73,,76,,73,,75,,77,,74,,71,,68,,73,,74,,84,,85,,83,,75,,71,,75,,83,,75,,72,,65,,57,,56,,66,,65,,57,,61,,58,,50,,51,,54,,57,,52,,53,,49,,46,,53,,46,,49,,46,,53,,46,,49,,46,,53,,46,,49,,46,,53,,46,,49,,46,,53,,46,,49,,46,,53,,46,,49,,46,,53,,46,,49,,46,,48,,59,,58,,62,,57,,53,,53,,58,,59,,55,,55,,53,,49,,48,,55,,57,,49,,44,,49,,50,,45,,46,,60,,62,,48,,41,,47,,44,,39,,49,,53,,47,,41,,43,,44,,42,,41,,42,,44,,46,,40,,47,,46,,40,,34,,34,,24,,34,,34,,49,,46,,32,,32,,38,,44,,32,,25,,26,,28,,25,,34,,31,,19,,25,,37,,26,,4,,15,,22,,15,,4,,15,,22,,15,,4,,15,,22,,15,,4,,15,,22,,15,,4,,15,,22,,15,,4,,15,,22,,15,,4,,15,,22,,15,,4,,15,,22,,15,,4,,28,,38,,22,,46,,44,,36,,12,,14,,15,,14,,28,,35,,28,,25,,34,,28,,14,,24,,19,,31,,31,,28,,24,,29,,36,,26,,11,,20,,37,,31,,51,,52,,39,,31,,7,,21,,38,,50,,37,,32,,42,,43,,38,,36,,45,,49,,39,,33,,44,,52,,42,,36,,43,,48,,53,,47,,39,,50,,62,,40,,24,,16,,0,
80,79,,71,,74,,76,,74,,79,,77,,78,,79,,80,,78,,77,,82,,78,,76,,75,,79,,82,,85,,84,,81,,83,,83,,81,,79,,79,,82,,83,,84,,89,,85,,78,,82,,79,,74,,76,,82,,82,,81,,76,,80,,77,,78,,79,,72,,73,,84,,84,,80,,77,,74,,73,,80,,79,,78,,77,,81,,85,,80,,75,,78,,73,,73,,76,,73,,79,,81,,76,,74,,76,,81,,79,,78,,80,,79,,78,,73,,75,,77,,74,,75,,79,,77,,76,,74,,75,,73,,76,,75,,77,,76,,82,,82,,73,,71,,76,,81,,80,,78,,74,,78,,76,,70,,77,,78,,73,,76,,78,,83,,74,,70,,75,,80,,84,,82,,83,,82,,83,,82,,75,,78,,75,,79,,82,,78,,81,,82,,82,,81,,77,,78,,76,,70,,81,,80,,71,,76,,81,,77,,73,,69,,77,,73,,71,,80,,80,,72,,71,,72,,82,,83,,83,,80,,70,,68,,71,,69,,68,,72,,69,,74,,75,,71,,68,,72,,75,,79,,79,,81,,80,,77,,78,,80,,86,,84,,84,,82,,81,,75,,72,,75,,76,,77,,79,,78,,69,,72,,74,,69,,75,,83,,84,,84,,84,,80,,76,,73,,71,,71,,68,,69,,60,,69,,75,,69,,71,,73,,69,,62,,65,,66,,65,,66,,71,,72,,76,,73,,73,,74,,68,,70,,71,,72,,68,,79,,77,,72,,71,,64,,63,,67,,70,,76,,71,,71,,70,,70,,65,,71,,76,,68,,75,,73,,67,,77,,72,,67,,77,,76,,73,,67,,65,,72,,77,,69,,66,,66,,67,,70,,72,,74,,78,,77,,72,,72,,73,,74,,72,,80,,86,,86,,83,,86,,90,,80,,86,,86,,79,,83,,76,,71,,65,,61,,63,,66,,76,,74,,81,,79,,76,,80,,74,,82,,80,,77,,77,,75,,71,,77,,76,,78,,76,,62,,65,,67,,68,,65,,69,,85,,87,,80,,81,,65,,74,,77,,74,,69,,76,,78,,84,,80,,73,,69,,68,,69,,59,,56,,64,,64,,59,,56,,64,,64,,59,,56,,64,,64,,59,,56,,59,,63,,61,,55,,63,,60,,48,,45,,49,,48,,48,,45,,49,,48,,48,,45,,49,,48,,48,,45,,49,,48,,48,,45,,49,,48,,48,,45,,49,,48,,48,,45,,60,,61,,48,,54,,58,,45,,46,,54,,61,,51,,45,,51,,59,,52,,48,,50,,52,,49,,45,,47,,49,,46,,43,,55,,55,,46,,38,,40,,44,,40,,38,,40,,44,,40,,38,,40,,46,,47,,37,,35,,43,,46,,34,,42,,33,,28,,34,,33,,41,,38,,28,,28,,36,,39,,27,,20,,27,,28,,27,,27,,39,,40,,33,,38,,44,,33,,24,,29,,26,,25,,24,,29,,26,,25,,24,,29,,26,,25,,24,,29,,26,,25,,24,,29,,26,,25,,24,,29,,26,,25,,24,,29,,34,,41,,45,,41,,32,,19,,21,,19,,17,,19,,21,,39,,42,,35,,36,,46,,41,,22,,14,,17,,40,,38,,52,,53,,36,,28,,13,,21,,36,,36,,53,,53,,41,,31,,9,,25,,33,,25,,49,,45,,37,,13,,17,,20,,17,,33,,41,,36,,35,,41,,35,,17,,18,,16,,34,,38,,36,,36,,43,,42,,20,,12,,22,,38,,35,,54,,58,,41,,30,,12,,20,,31,,30,,42,,47,,37,,25,,14,,30,,44,,33,,26,,33,,36,,31,,29,,42,,47,,51,,41,,35,,47,,53,,44,,38,,44,,47,,42,,35,,44,,55,,35,,19,,24,,45,,58,,44,,38,,48,,53,,45,,43,,36,,43,,48,,38,,31,,43,,51,,42,,36,,41,,47,,42,,33,,40,,48,,32,,16,,0,
76,76,,77,,75,,73,,80,,82,,77,,77,,77,,82,,85,,78,,80,,81,,77,,78,,81,,78,,75,,78,,77,,74,,74,,76,,76,,74,,74,,73,,77,,79,,75,,76,,76,,85,,77,,81,,80,,80,,79,,78,,78,,72,,73,,73,,79,,78,,71,,79,,82,,79,,77,,82,,79,,79,,82,,83,,83,,82,,77,,78,,79,,82,,83,,82,,79,,80,,78,,76,,77,,82,,77,,80,,77,,76,,81,,81,,81,,82,,78,,76,,78,,70,,72,,78,,76,,78,,76,,78,,80,,79,,78,,77,,76,,75,,75,,82,,79,,81,,78,,80,,76,,78,,82,,76,,78,,81,,76,,76,,74,,71,,78,,78,,77,,82,,84,,78,,73,,77,,79,,73,,77,,83,,83,,81,,79,,82,,83,,79,,79,,81,,81,,78,,73,,79,,81,,77,,79,,80,,83,,77,,70,,77,,79,,76,,75,,80,,87,,83,,79,,79,,79,,80,,78,,77,,78,,80,,78,,84,,79,,78,,86,,76,,76,,70,,68,,70,,72,,72,,71,,81,,78,,76,,76,,74,,75,,75,,76,,78,,76,,75,,75,,77,,75,,76,,74,,77,,85,,78,,78,,84,,71,,74,,78,,77,,75,,77,,80,,74,,75,,79,,76,,79,,79,,81,,75,,72,,66,,67,,71,,73,,77,,78,,73,,74,,76,,73,,66,,67,,66,,66,,70,,73,,71,,70,,72,,75,,77,,75,,71,,72,,69,,71,,73,,69,,66,,68,,68,,72,,76,,75,,78,,75,,77,,80,,81,,80,,74,,72,,83,,80,,77,,88,,85,,82,,82,,73,,75,,75,,73,,78,,79,,74,,73,,76,,74,,78,,87,,80,,76,,75,,71,,72,,71,,69,,77,,79,,74,,76,,62,,67,,72,,66,,72,,70,,71,,74,,74,,67,,61,,71,,74,,71,,70,,76,,75,,80,,70,,69,,71,,64,,59,,66,,68,,69,,70,,65,,66,,71,,77,,76,,77,,79,,67,,66,,70,,73,,66,,67,,69,,72,,78,,86,,87,,86,,79,,80,,77,,75,,70,,71,,69,,63,,68,,70,,68,,75,,74,,71,,72,,73,,65,,67,,70,,66,,65,,65,,69,,77,,76,,75,,76,,72,,74,,68,,66,,75,,69,,66,,73,,74,,69,,68,,66,,69,,69,,72,,70,,73,,74,,71,,66,,74,,75,,74,,69,,71,,72,,67,,64,,65,,68,,66,,64,,65,,59,,57,,63,,65,,59,,57,,63,,65,,59,,57,,50,,57,,56,,51,,50,,57,,61,,61,,61,,59,,61,,61,,61,,59,,61,,61,,61,,59,,61,,61,,61,,59,,61,,61,,61,,59,,61,,62,,62,,54,,57,,60,,60,,56,,54,,49,,50,,52,,60,,58,,46,,53,,59,,52,,46,,50,,46,,42,,44,,48,,47,,41,,42,,49,,43,,43,,46,,49,,54,,54,,50,,52,,48,,51,,47,,37,,37,,41,,47,,37,,37,,47,,62,,57,,43,,38,,36,,45,,38,,29,,36,,36,,38,,29,,36,,36,,29,,41,,46,,34,,36,,42,,38,,24,,25,,26,,27,,24,,25,,26,,27,,24,,25,,26,,42,,43,,31,,36,,44,,40,,30,,30,,29,,30,,30,,30,,29,,30,,30,,30,,29,,30,,30,,30,,29,,30,,30,,30,,29,,42,,42,,55,,73,,58,,45,,46,,46,,46,,47,,35,,32,,53,,42,,21,,26,,34,,38,,43,,36,,29,,16,,21,,17,,21,,17,,38,,46,,34,,34,,46,,34,,20,,26,,20,,36,,40,,32,,34,,38,,41,,26,,11,,26,,40,,30,,23,,29,,32,,28,,26,,35,,44,,48,,38,,32,,43,,51,,41,,35,,44,,36,,41,,47,,42,,33,,40,,48,,32,,16,,0,
85,86,,80,,83,,77,,77,,84,,81,,84,,85,,82,,81,,78,,76,,83,,79,,75,,85,,87,,80,,81,,83,,82,,79,,76,,80,,81,,81,,78,,82,,85,,78,,76,,75,,79,,83,,81,,79,,78,,78,,78,,84,,82,,79,,82,,82,,82,,79,,78,,84,,80,,78,,79,,84,,84,,81,,76,,79,,79,,76,,77,,78,,80,,85,,82,,80,,75,,75,,75,,79,,83,,83,,86,,83,,78,,76,,74,,78,,79,,76,,75,,80,,79,,77,,74,,78,,78,,79,,83,,81,,77,,79,,77,,77,,77,,79,,80,,81,,76,,77,,83,,84,,78,,84,,82,,80,,78,,85,,83,,82,,85,,84,,79,,82,,81,,81,,82,,82,,84,,82,,80,,78,,78,,82,,85,,79,,75,,81,,82,,81,,80,,81,,79,,81,,81,,79,,78,,75,,74,,75,,76,,75,,77,,80,,78,,77,,77,,76,,79,,80,,76,,80,,79,,76,,75,,73,,76,,77,,75,,80,,81,,85,,81,,75,,80,,78,,74,,74,,74,,83,,79,,79,,81,,83,,79,,72,,72,,70,,75,,71,,80,,75,,71,,76,,67,,66,,72,,67,,72,,74,,72,,76,,76,,63,,65,,72,,64,,59,,67,,70,,83,,84,,78,,77,,77,,67,,63,,66,,67,,74,,73,,76,,73,,77,,76,,77,,78,,76,,76,,71,,69,,68,,65,,65,,68,,70,,71,,76,,74,,69,,77,,79,,78,,80,,71,,67,,74,,74,,76,,79,,77,,82,,81,,82,,81,,75,,73,,79,,83,,82,,80,,78,,76,,78,,81,,77,,72,,75,,77,,78,,78,,81,,83,,88,,85,,82,,76,,74,,72,,69,,71,,72,,73,,75,,77,,77,,75,,78,,77,,76,,76,,74,,65,,69,,83,,77,,74,,80,,65,,74,,72,,70,,64,,64,,69,,70,,67,,66,,72,,68,,66,,74,,76,,83,,83,,80,,80,,69,,71,,79,,78,,79,,74,,74,,73,,74,,74,,72,,78,,79,,77,,76,,82,,76,,81,,80,,77,,79,,80,,79,,79,,81,,81,,77,,76,,77,,79,,79,,77,,77,,82,,82,,74,,74,,68,,78,,73,,77,,81,,76,,75,,75,,69,,74,,77,,80,,78,,79,,69,,72,,73,,78,,78,,77,,69,,75,,70,,71,,80,,74,,62,,69,,72,,77,,74,,68,,63,,65,,62,,65,,71,,78,,73,,67,,69,,72,,70,,72,,75,,79,,82,,72,,69,,72,,67,,64,,64,,65,,67,,75,,75,,75,,75,,73,,66,,66,,68,,72,,64,,72,,77,,76,,75,,79,,79,,76,,81,,79,,82,,83,,73,,78,,77,,71,,80,,78,,72,,78,,76,,72,,65,,66,,69,,69,,67,,73,,74,,81,,81,,80,,80,,80,,79,,78,,71,,69,,71,,70,,63,,68,,66,,63,,65,,68,,63,,62,,66,,62,,63,,66,,61,,59,,61,,66,,61,,59,,61,,66,,61,,59,,61,,66,,61,,59,,61,,66,,61,,59,,61,,66,,61,,59,,61,,66,,61,,59,,61,,66,,61,,59,,61,,66,,61,,59,,61,,59,,51,,58,,59,,58,,58,,60,,56,,56,,57,,57,,55,,57,,59,,54,,54,,47,,44,,44,,54,,54,,39,,50,,44,,39,,48,,49,,43,,39,,37,,44,,46,,40,,44,,59,,53,,41,,43,,35,,45,,49,,40,,50,,50,,40,,38,,38,,38,,44,,44,,34,,39,,47,,45,,33,,34,,36,,38,,33,,34,,39,,43,,38,,37,,47,,52,,35,,38,,32,,38,,45,,38,,41,,44,,43,,33,,33,,31,,31,,33,,33,,31,,39,,40,,33,,34,,39,,35,,21,,26,,25,,24,,21,,26,,25,,24,,21,,26,,25,,24,,21,,26,,25,,24,,21,,26,,25,,24,,21,,26,,25,,24,,21,,26,,25,,24,,21,,26,,25,,24,,33,,37,,43,,42,,29,,18,,21,,19,,18,,33,,32,,30,,38,,42,,36,,14,,8,,14,,36,,35,,53,,57,,39,,29,,14,,20,,32,,31,,41,,42,,33,,27,,14,,30,,42,,32,,27,,32,,34,,35,,33,,36,,42,,35,,27,,36,,43,,35,,29,,36,,41,,45,,40,,33,,42,,53,,33,,17,,26,,46,,57,,43,,39,,48,,51,,46,,44,,53,,58,,47,,40,,53,,62,,50,,44,,36,,41,,47,,42,,33,,40,,48,,32,,16,,0,
84,88,,85,,84,,85,,83,,78,,80,,78,,79,,80,,82,,82,,81,,82,,78,,77,,78,,77,,79,,77,,79,,79,,80,,77,,79,,84,,77,,75,,77,,81,,82,,81,,80,,81,,80,,75,,76,,75,,79,,80,,84,,82,,84,,85,,78,,76,,81,,76,,78,,77,,78,,83,,82,,81,,78,,80,,81,,77,,74,,72,,70,,76,,77,,70,,73,,75,,77,,74,,75,,75,,77,,75,,71,,75,,75,,81,,81,,76,,74,,82,,83,,74,,75,,77,,79,,76,,76,,72,,67,,72,,74,,79,,76,,69,,73,,78,,73,,71,,75,,71,,72,,74,,72,,77,,76,,69,,71,,73,,79,,80,,77,,76,,83,,73,,67,,74,,73,,74,,75,,76,,72,,68,,66,,78,,85,,79,,73,,71,,79,,77,,73,,80,,87,,79,,72,,72,,80,,82,,74,,82,,74,,77,,87,,77,,68,,73,,80,,81,,73,,78,,74,,73,,75,,76,,78,,81,,84,,71,,71,,76,,73,,76,,72,,70,,76,,70,,72,,69,,69,,75,,71,,72,,72,,69,,65,,66,,68,,71,,69,,70,,65,,66,,69,,65,,72,,73,,80,,80,,66,,64,,58,,62,,60,,59,,65,,69,,66,,73,,73,,80,,83,,80,,82,,77,,71,,76,,75,,71,,74,,70,,70,,73,,74,,71,,70,,82,,77,,84,,84,,71,,63,,59,,58,,61,,66,,62,,60,,62,,60,,69,,68,,68,,76,,67,,60,,57,,70,,67,,73,,82,,68,,59,,57,,62,,62,,66,,72,,75,,72,,76,,70,,77,,74,,64,,62,,64,,64,,71,,73,,65,,74,,65,,74,,77,,66,,62,,68,,67,,78,,73,,76,,76,,74,,68,,76,,78,,78,,77,,69,,69,,69,,70,,70,,71,,69,,72,,67,,76,,83,,77,,76,,73,,72,,79,,74,,73,,79,,75,,74,,74,,75,,73,,72,,70,,72,,72,,69,,68,,62,,64,,75,,75,,75,,75,,65,,67,,67,,63,,62,,62,,62,,63,,68,,67,,71,,79,,71,,72,,68,,69,,67,,69,,80,,75,,67,,66,,69,,66,,68,,66,,61,,56,,61,,64,,69,,71,,68,,69,,62,,62,,62,,66,,66,,79,,77,,81,,87,,82,,81,,84,,77,,75,,72,,69,,73,,66,,67,,65,,72,,73,,67,,64,,64,,65,,64,,61,,59,,60,,60,,56,,56,,60,,60,,65,,67,,56,,53,,50,,53,,56,,53,,50,,53,,56,,53,,50,,53,,56,,53,,50,,53,,56,,53,,50,,53,,56,,53,,50,,53,,56,,53,,50,,53,,56,,53,,50,,53,,53,,55,,62,,62,,53,,46,,57,,61,,51,,49,,51,,53,,48,,54,,50,,42,,55,,54,,47,,42,,45,,51,,46,,48,,60,,61,,48,,48,,50,,50,,46,,42,,51,,51,,47,,46,,45,,53,,49,,39,,40,,38,,42,,39,,40,,39,,46,,51,,46,,43,,39,,45,,44,,35,,40,,44,,35,,48,,48,,33,,41,,43,,37,,31,,38,,33,,26,,31,,38,,33,,51,,52,,43,,41,,47,,47,,35,,36,,26,,28,,35,,36,,26,,28,,35,,36,,47,,49,,38,,36,,38,,37,,25,,15,,22,,25,,21,,15,,22,,15,,26,,33,,27,,35,,46,,39,,31,,25,,30,,44,,40,,32,,33,,43,,38,,22,,22,,24,,30,,22,,22,,24,,30,,22,,22,,24,,30,,22,,22,,24,,30,,50,,42,,50,,66,,54,,38,,43,,51,,53,,47,,31,,35,,53,,44,,26,,20,,20,,26,,20,,36,,40,,32,,34,,38,,41,,26,,11,,26,,40,,30,,23,,29,,32,,28,,26,,35,,44,,48,,38,,32,,43,,51,,41,,35,,44,,36,,41,,47,,42,,33,,40,,48,,32,,16,,0,
77,76,,80,,79,,82,,82,,82,,84,,83,,81,,79,,83,,82,,81,,82,,84,,82,,86,,84,,82,,82,,79,,82,,83,,83,,87,,81,,82,,85,,82,,80,,83,,82,,80,,77,,77,,86,,83,,78,,84,,78,,81,,85,,83,,81,,84,,86,,82,,80,,84,,85,,82,,80,,82,,84,,82,,80,,78,,76,,79,,78,,74,,76,,82,,81,,75,,69,,67,,74,,77,,73,,76,,80,,75,,68,,66,,76,,79,,67,,68,,79,,76,,75,,65,,69,,74,,70,,74,,77,,76,,73,,67,,69,,72,,70,,73,,76,,73,,71,,78,,72,,66,,69,,68,,66,,68,,70,,76,,69,,65,,64,,69,,68,,63,,68,,73,,74,,65,,66,,76,,77,,76,,69,,65,,73,,73,,68,,65,,64,,72,,68,,63,,66,,66,,68,,67,,67,,72,,69,,66,,67,,72,,72,,68,,68,,69,,69,,67,,68,,67,,69,,70,,70,,66,,68,,69,,66,,69,,65,,64,,65,,69,,71,,62,,71,,72,,75,,75,,69,,62,,67,,66,,75,,72,,71,,73,,69,,80,,76,,72,,76,,71,,69,,68,,71,,76,,74,,72,,75,,73,,75,,75,,84,,81,,78,,76,,75,,69,,68,,69,,69,,66,,67,,69,,67,,68,,74,,71,,74,,72,,71,,75,,76,,77,,75,,72,,71,,71,,69,,72,,70,,69,,72,,75,,71,,72,,73,,70,,71,,70,,73,,75,,72,,69,,68,,65,,73,,77,,66,,73,,71,,72,,74,,76,,78,,73,,73,,73,,69,,69,,63,,62,,69,,73,,76,,77,,70,,64,,70,,72,,67,,72,,69,,73,,71,,75,,78,,74,,83,,82,,80,,80,,76,,76,,76,,73,,77,,68,,66,,70,,69,,74,,77,,76,,75,,82,,82,,81,,80,,73,,73,,76,,71,,78,,77,,72,,69,,73,,75,,70,,68,,70,,77,,71,,79,,70,,64,,73,,65,,69,,75,,77,,74,,76,,78,,78,,73,,71,,82,,82,,76,,78,,81,,83,,78,,79,,85,,83,,81,,76,,74,,69,,68,,65,,72,,70,,70,,69,,63,,69,,70,,69,,65,,57,,59,,61,,65,,57,,59,,61,,65,,57,,59,,61,,65,,57,,59,,61,,65,,57,,59,,61,,65,,57,,59,,61,,65,,57,,59,,61,,65,,57,,59,,61,,65,,57,,59,,61,,65,,64,,60,,59,,62,,56,,54,,58,,62,,55,,46,,53,,51,,50,,49,,54,,54,,42,,42,,48,,50,,50,,46,,46,,42,,35,,32,,36,,42,,35,,32,,36,,40,,44,,35,,35,,47,,52,,31,,28,,24,,24,,31,,28,,24,,43,,45,,33,,36,,40,,39,,28,,32,,27,,25,,28,,32,,25,,36,,39,,31,,37,,42,,34,,26,,26,,30,,28,,26,,26,,30,,28,,26,,26,,30,,28,,26,,26,,30,,28,,26,,26,,30,,28,,26,,26,,30,,28,,26,,42,,44,,55,,76,,58,,42,,45,,43,,43,,45,,37,,33,,53,,42,,22,,26,,38,,44,,51,,45,,33,,22,,22,,12,,22,,39,,37,,55,,58,,39,,28,,11,,27,,33,,25,,49,,47,,39,,15,,17,,16,,17,,36,,42,,36,,39,,47,,35,,13,,19,,16,,32,,38,,35,,34,,41,,45,,26,,11,,19,,34,,34,,54,,56,,41,,32,,10,,18,,29,,23,,37,,44,,35,,22,,7,,26,,40,,26,,19,,29,,32,,24,,22,,36,,44,,52,,55,,44,,39,,51,,58,,49,,43,,48,,53,,47,,39,,50,,62,,40,,24,,16,,0,
74,73,,81,,80,,81,,83,,76,,74,,76,,80,,82,,79,,77,,79,,73,,74,,80,,82,,84,,80,,77,,83,,83,,77,,74,,73,,81,,81,,82,,79,,74,,77,,78,,78,,84,,82,,84,,86,,77,,75,,74,,78,,79,,77,,83,,82,,84,,86,,79,,79,,78,,76,,82,,81,,83,,85,,79,,79,,83,,81,,83,,85,,76,,76,,75,,79,,75,,76,,79,,76,,71,,85,,83,,80,,79,,76,,79,,83,,78,,78,,82,,82,,80,,80,,80,,81,,81,,77,,76,,78,,81,,81,,81,,81,,86,,88,,83,,82,,83,,80,,80,,77,,71,,73,,72,,73,,82,,83,,79,,76,,78,,78,,73,,72,,81,,85,,77,,77,,80,,84,,78,,75,,82,,81,,74,,79,,80,,83,,83,,82,,79,,78,,81,,80,,81,,80,,80,,74,,81,,82,,79,,77,,76,,80,,81,,74,,73,,72,,72,,82,,80,,81,,81,,81,,78,,73,,73,,79,,80,,80,,81,,80,,80,,82,,74,,72,,74,,79,,81,,78,,77,,79,,80,,76,,78,,80,,77,,79,,80,,80,,73,,72,,74,,74,,78,,80,,75,,79,,78,,74,,75,,78,,77,,79,,81,,74,,75,,78,,73,,83,,83,,81,,83,,76,,77,,74,,72,,70,,71,,72,,74,,75,,73,,68,,63,,63,,66,,70,,71,,73,,70,,75,,77,,80,,78,,78,,81,,78,,77,,79,,71,,70,,71,,69,,69,,70,,72,,65,,72,,70,,65,,74,,71,,71,,79,,71,,72,,76,,78,,79,,78,,75,,73,,66,,72,,78,,73,,79,,77,,81,,81,,75,,67,,69,,71,,76,,71,,67,,69,,70,,62,,62,,62,,66,,71,,78,,77,,76,,75,,74,,72,,69,,67,,70,,65,,64,,68,,67,,70,,69,,70,,72,,70,,75,,78,,81,,81,,77,,73,,70,,71,,76,,76,,69,,66,,66,,67,,64,,61,,62,,63,,73,,74,,78,,73,,76,,74,,69,,69,,73,,76,,75,,75,,72,,67,,72,,77,,70,,82,,84,,79,,76,,73,,72,,72,,74,,75,,72,,70,,79,,78,,78,,74,,78,,82,,75,,76,,79,,70,,74,,78,,79,,83,,83,,82,,79,,78,,76,,72,,75,,72,,63,,65,,78,,78,,81,,77,,69,,70,,65,,69,,73,,65,,64,,65,,61,,62,,65,,61,,62,,63,,62,,57,,63,,66,,70,,70,,71,,65,,62,,67,,70,,70,,70,,74,,72,,69,,67,,71,,72,,67,,75,,72,,70,,70,,63,,65,,64,,63,,70,,74,,73,,69,,67,,69,,70,,67,,70,,72,,77,,75,,78,,74,,78,,70,,74,,72,,75,,75,,77,,72,,68,,70,,70,,73,,73,,67,,67,,68,,69,,74,,67,,66,,69,,69,,74,,70,,74,,71,,70,,75,,71,,68,,62,,64,,70,,64,,66,,72,,66,,59,,63,,65,,55,,62,,74,,72,,70,,78,,58,,67,,62,,67,,68,,70,,70,,74,,75,,78,,83,,78,,76,,81,,76,,78,,82,,81,,75,,66,,70,,71,,68,,63,,63,,62,,56,,57,,56,,57,,57,,57,,56,,57,,57,,57,,56,,57,,57,,57,,56,,57,,57,,57,,56,,57,,57,,57,,56,,57,,57,,57,,56,,57,,57,,57,,56,,57,,57,,57,,56,,57,,57,,57,,56,,57,,57,,64,,64,,70,,74,,66,,61,,56,,58,,62,,58,,61,,62,,55,,55,,66,,65,,52,,54,,57,,53,,50,,44,,50,,56,,47,,57,,54,,48,,45,,45,,41,,51,,51,,46,,55,,55,,43,,36,,47,,43,,39,,47,,62,,56,,44,,42,,41,,45,,37,,36,,37,,30,,37,,36,,30,,45,,48,,43,,48,,46,,38,,34,,40,,36,,34,,34,,40,,45,,37,,31,,31,,39,,43,,31,,28,,29,,24,,31,,28,,29,,24,,31,,28,,29,,24,,31,,28,,29,,24,,31,,28,,29,,24,,31,,28,,29,,24,,31,,28,,29,,24,,31,,29,,44,,44,,50,,44,,27,,15,,17,,23,,41,,42,,35,,38,,44,,39,,20,,8,,17,,29,,24,,38,,44,,35,,21,,8,,20,,33,,29,,41,,48,,37,,21,,7,,23,,37,,26,,19,,26,,29,,24,,22,,37,,43,,36,,43,,48,,38,,31,,43,,51,,42,,36,,41,,47,,42,,33,,40,,48,,32,,16,,0,
81,78,,78,,81,,79,,78,,81,,79,,80,,83,,85,,84,,82,,76,,76,,82,,82,,82,,80,,76,,77,,84,,85,,79,,81,,82,,81,,81,,81,,80,,81,,79,,73,,75,,73,,82,,81,,82,,86,,81,,78,,80,,82,,81,,83,,83,,85,,81,,78,,84,,81,,76,,82,,83,,77,,78,,82,,78,,82,,74,,74,,84,,81,,81,,80,,87,,82,,78,,84,,80,,82,,80,,80,,84,,77,,81,,82,,86,,84,,80,,82,,84,,77,,71,,75,,79,,71,,73,,82,,82,,80,,84,,82,,78,,83,,87,,82,,80,,77,,80,,83,,72,,71,,70,,75,,80,,77,,74,,77,,80,,82,,79,,76,,74,,76,,75,,75,,78,,83,,74,,63,,72,,76,,66,,67,,77,,72,,68,,73,,80,,75,,72,,72,,74,,70,,66,,63,,61,,68,,76,,72,,62,,71,,77,,69,,59,,66,,68,,73,,78,,76,,74,,65,,65,,74,,70,,70,,75,,76,,83,,83,,87,,86,,80,,79,,78,,79,,77,,71,,77,,76,,74,,77,,76,,69,,65,,69,,74,,77,,63,,60,,64,,69,,69,,72,,71,,74,,77,,69,,71,,69,,67,,71,,72,,67,,69,,69,,74,,69,,67,,69,,69,,75,,76,,78,,73,,68,,64,,66,,69,,75,,75,,69,,64,,67,,74,,81,,79,,83,,80,,78,,70,,69,,66,,69,,71,,70,,71,,83,,79,,79,,84,,76,,65,,64,,66,,71,,72,,70,,71,,74,,75,,80,,80,,80,,77,,76,,76,,80,,77,,79,,73,,71,,71,,79,,74,,67,,68,,67,,64,,67,,69,,75,,74,,73,,70,,70,,74,,69,,68,,72,,70,,69,,78,,80,,68,,69,,71,,71,,67,,76,,74,,73,,74,,68,,57,,60,,60,,65,,67,,64,,66,,67,,70,,67,,74,,75,,78,,71,,76,,78,,75,,69,,69,,66,,69,,75,,72,,73,,66,,71,,80,,73,,79,,77,,67,,63,,67,,70,,70,,76,,80,,77,,72,,68,,68,,67,,73,,77,,75,,73,,74,,65,,72,,78,,72,,74,,84,,79,,72,,74,,72,,67,,81,,77,,74,,76,,68,,67,,69,,68,,66,,65,,67,,71,,69,,68,,68,,68,,64,,65,,71,,78,,73,,73,,73,,75,,76,,82,,84,,83,,87,,76,,77,,77,,78,,77,,77,,75,,75,,74,,73,,73,,70,,68,,70,,67,,68,,71,,81,,81,,80,,81,,72,,75,,76,,76,,79,,78,,78,,77,,72,,69,,68,,77,,76,,80,,76,,79,,83,,87,,86,,85,,83,,84,,85,,88,,80,,75,,85,,85,,81,,73,,76,,85,,81,,73,,76,,85,,81,,73,,66,,55,,61,,71,,70,,58,,56,,60,,60,,58,,56,,53,,49,,50,,55,,55,,53,,50,,55,,55,,53,,50,,55,,55,,53,,50,,55,,55,,53,,50,,55,,55,,53,,50,,55,,55,,53,,50,,55,,50,,53,,62,,63,,55,,60,,55,,46,,51,,52,,57,,58,,57,,58,,60,,49,,52,,50,,45,,45,,47,,50,,47,,40,,46,,52,,47,,33,,37,,39,,42,,38,,34,,39,,38,,37,,38,,50,,51,,43,,46,,50,,44,,34,,36,,37,,38,,48,,46,,41,,43,,46,,44,,38,,40,,38,,41,,40,,30,,34,,42,,39,,23,,24,,36,,38,,31,,30,,41,,41,,26,,24,,25,,26,,24,,43,,45,,27,,26,,34,,32,,21,,21,,23,,23,,21,,21,,23,,23,,21,,21,,23,,23,,21,,21,,23,,23,,21,,21,,23,,23,,21,,21,,23,,23,,21,,21,,23,,23,,21,,21,,23,,23,,21,,21,,43,,43,,53,,70,,53,,38,,42,,42,,48,,48,,36,,34,,52,,41,,25,,25,,25,,25,,34,,43,,49,,40,,27,,16,,18,,22,,20,,16,,34,,37,,30,,38,,50,,41,,18,,12,,18,,40,,34,,48,,53,,35,,27,,11,,20,,37,,31,,51,,52,,39,,31,,7,,21,,38,,50,,37,,32,,42,,43,,38,,36,,45,,49,,39,,33,,44,,52,,42,,36,,43,,48,,53,,47,,39,,50,,62,,40,,24,,16,,0,
71,76,,78,,75,,76,,79,,81,,74,,76,,79,,79,,80,,78,,80,,78,,73,,75,,79,,77,,81,,84,,83,,83,,74,,75,,77,,77,,83,,83,,78,,76,,75,,75,,76,,76,,78,,79,,75,,73,,73,,75,,75,,77,,79,,82,,82,,81,,83,,76,,75,,73,,71,,73,,70,,77,,80,,74,,75,,81,,78,,77,,77,,76,,78,,76,,77,,76,,81,,79,,78,,84,,80,,76,,72,,75,,72,,74,,73,,69,,75,,77,,74,,74,,72,,77,,75,,76,,77,,76,,77,,73,,73,,75,,78,,78,,76,,78,,78,,73,,73,,72,,74,,72,,70,,76,,80,,78,,72,,73,,76,,74,,72,,76,,74,,68,,70,,70,,75,,74,,73,,71,,72,,81,,78,,68,,73,,77,,81,,76,,71,,82,,83,,77,,70,,76,,82,,82,,82,,80,,75,,77,,74,,73,,68,,72,,74,,71,,74,,76,,71,,73,,67,,71,,68,,66,,67,,73,,62,,64,,77,,72,,65,,64,,65,,71,,66,,66,,63,,65,,76,,70,,74,,78,,68,,60,,64,,62,,66,,70,,66,,71,,71,,71,,70,,80,,80,,75,,75,,75,,65,,63,,60,,66,,68,,70,,72,,74,,65,,57,,64,,66,,67,,72,,67,,71,,72,,64,,66,,66,,61,,61,,61,,69,,68,,63,,74,,71,,74,,75,,63,,62,,63,,65,,70,,70,,64,,65,,70,,73,,73,,83,,83,,81,,80,,86,,85,,82,,81,,74,,75,,80,,79,,77,,75,,79,,81,,88,,82,,73,,76,,70,,65,,61,,62,,62,,66,,67,,71,,71,,81,,78,,78,,77,,72,,72,,78,,73,,77,,75,,76,,78,,79,,79,,75,,75,,75,,76,,66,,76,,76,,72,,68,,71,,68,,68,,72,,69,,71,,77,,73,,79,,76,,79,,84,,80,,69,,69,,68,,71,,69,,66,,71,,66,,67,,80,,80,,71,,69,,64,,62,,65,,68,,74,,77,,72,,71,,77,,64,,64,,79,,80,,80,,73,,57,,72,,75,,69,,67,,81,,80,,79,,80,,71,,70,,70,,67,,65,,72,,67,,68,,72,,72,,71,,76,,68,,74,,66,,71,,70,,73,,75,,79,,81,,75,,74,,73,,71,,76,,80,,66,,66,,67,,61,,67,,64,,62,,60,,64,,74,,71,,72,,73,,72,,73,,65,,68,,68,,71,,67,,71,,73,,70,,65,,75,,80,,71,,72,,69,,76,,80,,79,,81,,76,,78,,75,,71,,74,,74,,68,,74,,70,,72,,70,,72,,71,,65,,62,,62,,64,,66,,59,,60,,62,,65,,66,,55,,57,,65,,66,,55,,57,,65,,66,,55,,57,,65,,66,,65,,61,,56,,49,,54,,60,,56,,49,,54,,60,,56,,49,,54,,60,,56,,49,,54,,60,,56,,49,,54,,60,,56,,49,,54,,60,,56,,49,,61,,64,,54,,53,,59,,58,,55,,50,,53,,56,,48,,53,,54,,50,,51,,57,,57,,50,,52,,56,,54,,51,,51,,49,,44,,39,,44,,51,,50,,42,,40,,45,,42,,28,,32,,32,,32,,32,,46,,44,,38,,43,,50,,40,,21,,26,,23,,23,,26,,45,,44,,32,,31,,37,,42,,28,,18,,18,,25,,28,,18,,18,,25,,28,,18,,18,,25,,28,,18,,18,,25,,28,,18,,18,,25,,28,,18,,18,,25,,28,,18,,18,,25,,28,,18,,18,,25,,28,,18,,40,,45,,55,,73,,52,,40,,44,,39,,45,,50,,38,,31,,52,,42,,22,,28,,27,,28,,37,,36,,46,,41,,33,,24,,26,,19,,17,,26,,19,,36,,37,,31,,35,,41,,43,,25,,10,,34,,41,,25,,49,,50,,42,,18,,17,,20,,17,,26,,34,,29,,27,,34,,24,,8,,20,,15,,29,,27,,23,,22,,31,,38,,26,,12,,22,,43,,36,,50,,55,,35,,26,,7,,26,,40,,26,,19,,29,,32,,24,,22,,36,,44,,52,,55,,44,,39,,51,,58,,49,,43,,48,,53,,47,,39,,50,,62,,40,,24,,16,,0,
79,78,,83,,86,,84,,81,,76,,77,,76,,78,,72,,74,,82,,77,,75,,76,,79,,83,,75,,71,,73,,71,,75,,76,,75,,77,,79,,85,,83,,86,,86,,86,,84,,75,,78,,81,,85,,82,,76,,83,,81,,78,,76,,81,,79,,80,,84,,77,,76,,77,,73,,77,,77,,78,,81,,79,,82,,85,,69,,73,,72,,72,,69,,69,,75,,83,,79,,86,,86,,70,,69,,68,,70,,69,,68,,70,,70,,71,,69,,70,,76,,70,,70,,74,,75,,72,,69,,69,,71,,68,,64,,68,,73,,72,,67,,68,,72,,73,,70,,74,,74,,74,,66,,68,,72,,67,,69,,72,,73,,76,,74,,67,,71,,74,,75,,71,,70,,72,,74,,73,,69,,72,,69,,73,,69,,68,,71,,74,,75,,72,,76,,70,,67,,83,,80,,78,,76,,66,,70,,71,,69,,78,,78,,80,,79,,65,,67,,68,,66,,65,,66,,70,,80,,79,,78,,79,,72,,74,,69,,69,,71,,71,,70,,67,,75,,79,,82,,81,,79,,78,,78,,78,,76,,74,,76,,79,,77,,71,,69,,68,,76,,78,,69,,73,,69,,66,,72,,76,,82,,80,,82,,67,,64,,60,,69,,69,,64,,62,,63,,68,,69,,68,,66,,71,,70,,66,,65,,72,,71,,68,,66,,68,,69,,62,,66,,75,,70,,74,,79,,81,,72,,71,,73,,72,,74,,81,,76,,76,,73,,69,,63,,65,,62,,60,,63,,65,,60,,56,,63,,70,,67,,65,,69,,65,,69,,65,,64,,66,,71,,66,,70,,72,,59,,59,,61,,57,,50,,60,,69,,71,,61,,62,,74,,85,,70,,76,,79,,70,,70,,73,,78,,72,,74,,78,,78,,75,,84,,79,,78,,81,,81,,77,,78,,83,,84,,83,,85,,72,,78,,76,,68,,68,,77,,79,,72,,72,,78,,78,,74,,75,,61,,71,,64,,71,,74,,75,,83,,76,,78,,74,,72,,79,,82,,80,,72,,65,,67,,62,,61,,55,,59,,60,,54,,55,,61,,64,,63,,55,,61,,64,,63,,55,,61,,64,,63,,55,,61,,64,,59,,60,,55,,58,,59,,60,,55,,58,,59,,60,,55,,58,,59,,60,,55,,58,,59,,60,,55,,58,,59,,60,,55,,58,,59,,60,,59,,55,,52,,54,,58,,57,,54,,53,,56,,57,,50,,50,,48,,48,,47,,48,,58,,53,,55,,56,,51,,49,,43,,46,,47,,47,,55,,54,,42,,30,,35,,40,,37,,30,,35,,45,,41,,34,,37,,41,,39,,32,,31,,28,,33,,39,,35,,33,,44,,51,,36,,32,,28,,38,,39,,29,,33,,41,,35,,24,,30,,29,,28,,24,,30,,29,,28,,24,,30,,29,,28,,24,,30,,29,,28,,24,,30,,29,,28,,24,,30,,29,,28,,24,,30,,29,,28,,24,,30,,29,,28,,24,,30,,29,,28,,42,,44,,60,,68,,50,,40,,45,,43,,43,,45,,37,,35,,50,,43,,24,,20,,29,,43,,50,,42,,22,,13,,19,,19,,35,,37,,35,,32,,41,,40,,20,,14,,21,,35,,33,,53,,54,,38,,31,,10,,19,,32,,32,,43,,47,,34,,23,,10,,17,,38,,50,,37,,32,,40,,44,,38,,36,,44,,53,,58,,47,,40,,53,,62,,50,,44,,36,,41,,47,,42,,33,,40,,48,,32,,16,,0,
83,87,,88,,86,,80,,83,,93,,87,,89,,88,,80,,82,,88,,88,,84,,83,,88,,83,,77,,78,,82,,81,,77,,77,,83,,81,,80,,82,,80,,77,,80,,85,,86,,81,,76,,85,,87,,81,,81,,85,,85,,80,,80,,88,,88,,84,,86,,83,,82,,80,,82,,80,,82,,84,,82,,80,,76,,82,,87,,78,,80,,79,,78,,80,,81,,80,,78,,78,,80,,78,,76,,77,,77,,76,,74,,74,,78,,76,,83,,80,,72,,76,,81,,81,,75,,72,,81,,72,,76,,74,,73,,81,,81,,80,,79,,81,,80,,73,,69,,71,,77,,73,,74,,75,,76,,71,,70,,72,,72,,73,,74,,71,,71,,71,,69,,72,,74,,75,,75,,65,,71,,82,,74,,71,,73,,68,,72,,70,,74,,72,,72,,72,,68,,70,,74,,76,,74,,73,,72,,69,,80,,79,,79,,77,,71,,64,,70,,66,,70,,69,,65,,68,,65,,69,,73,,67,,79,,72,,74,,74,,68,,59,,61,,64,,64,,73,,76,,73,,72,,74,,74,,74,,77,,77,,75,,78,,84,,84,,78,,76,,76,,77,,80,,78,,67,,66,,60,,67,,70,,71,,73,,76,,72,,68,,70,,68,,65,,68,,69,,67,,68,,67,,66,,70,,71,,70,,70,,78,,80,,85,,81,,82,,83,,82,,74,,77,,76,,78,,76,,74,,77,,75,,80,,81,,79,,80,,80,,75,,75,,75,,69,,72,,72,,81,,76,,84,,81,,76,,74,,70,,73,,70,,70,,72,,82,,81,,76,,80,,72,,72,,76,,78,,74,,70,,73,,74,,76,,74,,67,,71,,68,,80,,83,,66,,71,,77,,74,,75,,78,,75,,73,,72,,75,,73,,70,,66,,64,,63,,69,,71,,72,,68,,70,,79,,79,,79,,79,,74,,64,,60,,59,,62,,58,,56,,65,,74,,80,,79,,78,,76,,65,,72,,75,,72,,71,,73,,72,,76,,73,,70,,70,,60,,66,,68,,67,,73,,79,,82,,83,,78,,84,,86,,77,,77,,83,,82,,75,,76,,82,,71,,66,,64,,66,,66,,70,,66,,64,,70,,68,,69,,77,,79,,77,,77,,81,,78,,74,,83,,86,,83,,78,,78,,79,,81,,85,,81,,83,,78,,87,,86,,77,,78,,73,,73,,74,,70,,65,,67,,80,,81,,74,,76,,77,,84,,78,,77,,73,,77,,75,,77,,72,,68,,70,,70,,72,,68,,70,,70,,72,,68,,63,,66,,58,,57,,50,,58,,61,,57,,50,,51,,50,,46,,49,,55,,54,,46,,49,,55,,54,,46,,49,,55,,63,,52,,48,,54,,43,,44,,48,,54,,43,,44,,48,,54,,43,,44,,48,,54,,43,,44,,53,,54,,49,,51,,49,,47,,49,,57,,56,,53,,58,,59,,55,,41,,44,,44,,41,,37,,47,,51,,43,,43,,47,,46,,38,,31,,36,,42,,36,,35,,43,,51,,40,,26,,31,,38,,37,,26,,31,,38,,37,,26,,31,,38,,37,,49,,46,,39,,35,,39,,42,,36,,35,,36,,44,,46,,36,,33,,40,,41,,28,,32,,50,,47,,37,,35,,43,,44,,35,,27,,31,,43,,40,,26,,28,,32,,32,,19,,19,,17,,21,,19,,19,,17,,21,,19,,19,,17,,21,,19,,19,,17,,21,,19,,19,,17,,21,,19,,19,,17,,21,,19,,19,,17,,21,,19,,19,,17,,40,,39,,51,,70,,51,,35,,38,,39,,48,,46,,31,,31,,48,,37,,21,,23,,21,,30,,33,,49,,45,,32,,16,,20,,16,,20,,36,,42,,35,,36,,43,,30,,14,,22,,15,,31,,37,,32,,33,,39,,43,,25,,8,,24,,37,,29,,53,,44,,36,,12,,21,,18,,21,,39,,43,,35,,32,,44,,36,,14,,20,,14,,35,,39,,31,,34,,45,,42,,24,,14,,23,,38,,33,,51,,54,,41,,30,,8,,20,,39,,31,,51,,57,,39,,26,,9,,23,,43,,33,,47,,53,,36,,23,,7,,23,,37,,26,,19,,26,,29,,24,,22,,37,,43,,36,,43,,48,,38,,31,,43,,51,,42,,36,,41,,47,,42,,33,,40,,48,,32,,16,,0,
